"Mouse_ID","Transect","Code","Sex","Longitude","Latitude","Year","mtBamH","YNPAR","X332","X347","X65","Tsx","Btk","Syap1","Es1","Gpd1","Idh1","Mpi","Np","Sod1","Es1C","Gpd1C","Idh1C","MpiC","NpC","Sod1C","HI_NLoci","HI","State","Locality","ID","PIN","Arrival","Wean","Death","Dist","Dissection","DaysInLab","BW","L","LCd","Spleen","Ltestis","Rtestis","Testes","Lepid","SemVes","Uterus","Ovaria","Grav","Litters","NN","MM","FF","Protocol","Aspiculuris_tetraptera","Syphacia_obvelata","Trichuris_muris","Taenia_taeniformis","Flea","Note","Zfy2","X","collapsed.GT","ith","L15","Y","Longitude.extra","Latitude.extra","Notes","Body_weight","Body_length","Tail_length","Species","Capture","Head.taken.","Liver_mass","Spleen_mass","Testis_mass","Left.epididymis.weight","Seminal.vesicle.weight","Embryo","Mix_Syphacia_Aspiculuris","Heterakis_spumosa","Mastophorus_muris","Hymenolepis_microstoma","Catenotaenia_pusilla","Cysticercus","Address","Status","Dissectors","Left_Testis_mass","Right_Testis_mass","Left.ovarium.weight","Right.ovarium.weight","Total","Embryo_left","Embryo_right","Feces_weight","Ectoparasites","Worms_presence","Hymenolepis_diminiuta","Taenia_martis","Heligmosomoides_polygurus","Hymenolepis","Taenia","Aspiculuris_Syphacia","Trichuris","Heterakis","Mastophorus","BCI","location","OPG"
"AA_0237","HZ_BR","DANE22","F",13.6664,52.7339,2017,"d",NA,"dd","dd","dd","dd","dd","dd","94","100","100","100","100","100","dd","dd","dd","dd","dd","dd","HI 13",0,"Germany",NA,NA,NA,NA,NA,NA,NA,"11/09/17",NA,NA,NA,NA,NA,NA,NA,NA,NA,NA,NA,NA,NA,NA,NA,NA,NA,NA,0,0,0,NA,"FALSE",NA,NA,NA,NA,NA,NA,NA,NA,NA,"Error in tubes : colon wall in liq nitro is in the CEWE tube",21.69,83.04,"87.61","Mus musculus","10-09-17",NA,NA,"0.0303",NA,NA,NA,NA,NA,0,0,0,0,0,"Danewitz 22","pregnant","Czech",NA,NA,NA,NA,NA,"2",4,NA,"FALSE",FALSE,0,0,0,0,0,0,0,0,0,0.696226939976079,"13.6664 52.7339",0
"AA_0238","HZ_BR","BUCHH4","F",13.7897,52.5861,2017,"d",NA,"dd","dd","dd","dd","dd","dd","94","100","125","100/120","100","100","dd","dd","mm","dm","dd","dd","HI 13",0.12,"Germany",NA,NA,NA,NA,NA,NA,NA,"11/09/17",NA,NA,NA,NA,NA,NA,NA,NA,NA,NA,NA,NA,NA,NA,NA,NA,NA,NA,0,0,0,NA,"FALSE",NA,NA,NA,NA,NA,NA,NA,NA,NA,NA,12.37,72.92,"69.4","Mus musculus","10-09-17",NA,NA,"0.02",NA,NA,NA,NA,NA,0,0,0,0,0,"Mittelstrasse 4 15345 Altlandsberg (Buchholz)","adult","German",NA,NA,NA,NA,NA,NA,NA,NA,"FALSE",FALSE,0,0,0,0,0,0,0,0,0,0.586398077251901,"13.7897 52.5861",0
"AA_0239","HZ_BR","BUCHH4","M",13.7897,52.5861,2017,"d",NA,"d","d","d","d","d","d","94","95/100","125","100/120","100","100","dd","dm","mm","dm","dd","dd","HI 13",0.210526316,"Germany",NA,NA,NA,NA,NA,NA,NA,"11/09/17",NA,NA,NA,NA,NA,NA,NA,NA,NA,NA,NA,NA,NA,NA,NA,NA,NA,NA,0,0,0,NA,"FALSE",NA,NA,NA,NA,NA,NA,NA,NA,NA,NA,13.89,76.19,"79.88","Mus musculus","10-09-17",NA,NA,"0.0235",NA,"0.0163",0.0506,NA,NA,0,0,0,0,0,"Mittelstrasse 4 15345 Altlandsberg (Buchholz)","adult","Czech",NA,NA,NA,NA,NA,NA,NA,NA,"FALSE",FALSE,0,0,0,0,0,0,0,0,0,0.607207330994707,"13.7897 52.5861",0
"AA_0240","HZ_BR","BUCHH29","F",13.7881,52.5844,2017,"d",NA,"mm","dm","dm","dm","dm","dd","94","100","100","100","100","100","dd","dd","dd","dd","dd","dd","HI 13",0.24,"Germany",NA,NA,NA,NA,NA,NA,NA,"11/09/17",NA,NA,NA,NA,NA,NA,NA,NA,NA,NA,NA,NA,NA,NA,NA,NA,NA,NA,0,0,0,NA,"FALSE",NA,NA,NA,NA,NA,NA,NA,NA,NA,"Only one salivary gland",10.54,69.72,"67.29","Mus musculus","10-09-17",NA,NA,"0.01",NA,NA,NA,NA,NA,0,0,0,0,0,"29/30 spitzmühlerstrasse Buchholz","adult","German",NA,NA,NA,NA,NA,"0",0,NA,"FALSE",FALSE,0,0,0,0,0,0,0,0,0,0.554879169303173,"13.7881 52.5844",0
"AA_0242","HZ_BR","SCHIFF6","M",14.0378,52.8075,2017,"d","m","m","m","m","m","m","m","100","95","125","120","70","80/100","mm","mm","mm","mm","mm","dm","HI 14",0.9,"Germany",NA,NA,NA,NA,NA,NA,NA,"12/09/17",NA,NA,NA,NA,NA,NA,NA,NA,NA,NA,NA,NA,NA,NA,NA,NA,NA,NA,0,0,0,NA,"FALSE",NA,NA,NA,NA,NA,NA,NA,NA,NA,NA,14.97,79.71,"68.88","Mus musculus","11-09-17",NA,NA,"0.0285",NA,"0.0252",0.1328,NA,NA,0,0,0,0,0,"Am Fährkrug 6, 16259 Bad Freienwalde (Oder)","adult","Czech",0.0576,0.0519,NA,NA,NA,NA,NA,"0.9","FALSE",FALSE,0,0,0,0,0,0,0,0,0,0.618045692198513,"14.0378 52.8075",0
"AA_0243","HZ_BR","BRITZ2","M",13.8119,52.8875,2017,"d","m","m","m","m","d","m","m","100","95","125","120","90/100","80","mm","mm","mm","mm","dm","mm","HI 14",0.85,"Germany",NA,NA,NA,NA,NA,NA,NA,"12/09/17",NA,NA,NA,NA,NA,NA,NA,NA,NA,NA,NA,NA,NA,NA,NA,NA,NA,NA,0,5,0,NA,"FALSE",NA,NA,NA,NA,NA,NA,NA,NA,NA,NA,11.13,70.42,"70.4","Mus musculus","11-09-17",NA,NA,"0.0164",NA,"0.0114",25,NA,NA,0,0,0,0,0,"Kirchstrasse 2 16230 Britz","adult","Czech",0.0592,0.0628,NA,NA,NA,NA,NA,"0.54","FALSE",TRUE,0,0,0,0,0,5,0,0,0,0.566378426208275,"13.8119 52.8875",5787
"AA_0245","HZ_BR","BESTE6","M",13.6025,52.2225,2017,"d","d","d","d","d","d","d","d","94","100","100","100","90","100","dd","dd","dd","dd","mm","dd","HI 14",0.1,"Germany",NA,NA,NA,NA,NA,NA,NA,"12/09/17",NA,NA,NA,NA,NA,NA,NA,NA,NA,NA,NA,NA,NA,NA,NA,NA,NA,NA,0,21,0,NA,"FALSE",NA,NA,NA,NA,NA,NA,NA,NA,NA,NA,19.13,86.99,"Def","Mus musculus","11-09-17",NA,NA,"0.0495",NA,"0.0355",0.1668,NA,NA,0,0,0,0,0,"Unter den Eichen 6, 15741 Bestensee","adult","Czech",0.1027,0.1003,NA,NA,NA,NA,NA,"0.34","FALSE",TRUE,0,0,0,0,0,21,0,0,0,0.660858591390997,"13.6025 52.2225",26838
"AA_0246","HZ_BR","BESTE6","F",13.6025,52.2225,2017,"d",NA,"mm","mm","dd","dd","dd","dd","94","100","100","100","100","100","dd","dd","dd","dd","dd","dd","HI 13",0.16,"Germany",NA,NA,NA,NA,NA,NA,NA,"12/09/17",NA,NA,NA,NA,NA,NA,NA,NA,NA,NA,NA,NA,NA,NA,NA,NA,NA,NA,0,0,0,NA,"TRUE (collected)",NA,NA,NA,NA,NA,NA,NA,NA,NA,NA,12.45,73.87,"73.54","Mus musculus","11-09-17",NA,NA,"0.0539",NA,NA,NA,NA,NA,0,0,0,0,0,"Unter den Eichen 6, 15741 Bestensee","adult","Czech",NA,NA,0.0028,0.0037,0.0065,"0",0,"0.11","TRUE (collected)",FALSE,0,0,0,0,0,0,0,0,0,0.58613221815539,"13.6025 52.2225",7955
"AA_0254","HZ_BR","MARIEH","M",13.5994,52.2458,2017,"d",NA,"d","d","d","d","d",NA,"94","100","100","100","100","100","dd","dd","dd","dd","dd","dd","HI 12",0,"Germany",NA,NA,NA,NA,NA,NA,NA,"12/09/17",NA,NA,NA,NA,NA,NA,NA,NA,NA,NA,NA,NA,NA,NA,NA,NA,NA,NA,NA,NA,NA,NA,"FALSE",NA,NA,NA,NA,NA,NA,NA,NA,NA,"Died in cage. Small protocol (1 tube “All digestive tract”)",16.46,82.03,"79.15","Mus musculus","11-09-17",NA,NA,NA,NA,NA,NA,NA,NA,NA,NA,NA,NA,NA,"Marienhof 6 15741 Bestensee","adult","Czech",NA,NA,NA,NA,NA,NA,NA,"0.54","FALSE",NA,NA,NA,NA,NA,0,NA,NA,NA,NA,0.635552337572529,"13.5994 52.2458",0
"AA_0258","HZ_BR","SCHEN8h","F",13.5953,52.2742,2017,"d",NA,"dd","dd","dd","dd","dd","dd","94","100","100","120","100","80","dd","dd","dd","mm","dd","mm","HI 13",0.16,"Germany",NA,NA,NA,NA,NA,NA,NA,"12/09/17",NA,NA,NA,NA,NA,NA,NA,NA,NA,NA,NA,NA,NA,NA,NA,NA,NA,NA,0,6,0,NA,"FALSE",NA,NA,NA,NA,NA,NA,NA,NA,NA,NA,13.03,77.94,"77.52","Mus musculus","11-09-17",NA,NA,"0.03",NA,NA,NA,NA,NA,0,0,0,0,0,"An den Eiskuten 8, 15479 Mittenwalde / Schenkendorf","adult","German",NA,NA,NA,NA,NA,"0",0,"0.3","FALSE",TRUE,0,0,0,0,0,6,0,0,0,0.589368724947445,"13.5953 52.2742",0
"AA_0262","HZ_BR","MARIEH","F",13.5994,52.2458,2017,"d",NA,"dd","dd","dd","dd","dd","dd","94","100","100","100","100","100","dd","dd","dd","dd","dd","dd","HI 13",0,"Germany",NA,NA,NA,NA,NA,NA,NA,"12/09/17",NA,NA,NA,NA,NA,NA,NA,NA,NA,NA,NA,NA,NA,NA,NA,NA,NA,NA,0,20,0,NA,"TRUE",NA,NA,NA,NA,NA,NA,NA,NA,NA,NA,21.39,87.56,"83.37","Mus musculus","11-09-17",NA,NA,"0.08",NA,NA,NA,NA,NA,0,0,0,0,0,"Marienhof 6 15741 Bestensee","adult","German",NA,NA,NA,NA,NA,"0",0,"0.2","TRUE",TRUE,0,0,0,0,0,20,0,0,0,0.684861681837806,"13.5994 52.2458",0
"AA_0264","HZ_BR","ERKNKI","M",13.7581,52.3989,2017,NA,NA,"d","d","m","d","d","d","100","100","100/125","100","100","100","mm","dd","dm","dd","dd","dd","HI 12",0.222222222,"Germany",NA,NA,NA,NA,NA,NA,NA,"12/09/17",NA,NA,NA,NA,NA,NA,NA,NA,NA,NA,NA,NA,NA,NA,NA,NA,NA,NA,0,0,0,NA,"FALSE",NA,NA,NA,NA,NA,NA,NA,NA,NA,NA,18.98,82.8,"75.69","Mus musculus","11-09-17",NA,NA,"0.03",NA,NA,NA,NA,NA,0,0,0,0,0,"Erkner Kinderbauernhof","adult","German",NA,NA,NA,NA,NA,"0",0,"0.19","FALSE",FALSE,0,0,0,0,0,0,0,0,0,0.666462976927692,"13.7581 52.3989",0
"AA_0268","HZ_BR","GRAB7","M",13.7072,52.2422,2017,"d","m","d","d","d","d","d","d","94","100","100","100","70","100","dd","dd","dd","dd","mm","dd","HI 14",0.15,"Germany",NA,NA,NA,NA,NA,NA,NA,"13/09/17",NA,NA,NA,NA,NA,NA,NA,NA,NA,NA,NA,NA,NA,NA,NA,NA,NA,NA,0,12,9,NA,"TRUE",NA,NA,NA,NA,NA,NA,NA,NA,NA,NA,17.83,82,"80.27","Mus musculus","12-09-17",NA,NA,"0.0847",NA,"0.0238",145,NA,NA,0,2,0,0,0,"Dorfanger 7 15754 Heidesee","adult","Czech",0.0646,0.0703,NA,NA,NA,NA,NA,"0.75","TRUE",TRUE,0,0,0,0,0,12,9,0,2,0.653747668101057,"13.7072 52.2422",0
"AA_0269","HZ_BR","GIEL68","M",13.8756,52.6053,2017,"d",NA,NA,NA,NA,NA,NA,NA,"94","95","125","120","100","80","dd","mm","mm","mm","dd","mm","HI 7",0.615384615,"Germany",NA,NA,NA,NA,NA,NA,NA,"13/09/17",NA,NA,NA,NA,NA,NA,NA,NA,NA,NA,NA,NA,NA,NA,NA,NA,NA,NA,0,0,0,NA,"FALSE",NA,NA,NA,NA,NA,NA,NA,NA,NA,NA,9.62,69.25,"72.22","Mus musculus","12-09-17",NA,NA,"0.03",NA,"5",NA,NA,NA,0,0,0,0,0,"Alt-Gielsdorf 68 15345 Alt-Landsberg","adult","Czech",0.0349,0.0393,NA,NA,NA,NA,NA,"0.09","FALSE",FALSE,0,0,0,0,0,0,0,0,0,0.534212403024168,"13.8756 52.6053",0
"AA_0270","HZ_BR","GIEL68","F",13.8756,52.6053,2017,"d",NA,NA,NA,NA,NA,NA,NA,"100","100",NA,NA,"90/100","80/100","mm","dd",NA,NA,"dm","dm","HI 5",0.444444444,"Germany",NA,NA,NA,NA,NA,NA,NA,"13/09/17",NA,NA,NA,NA,NA,NA,NA,NA,NA,NA,NA,NA,NA,NA,NA,NA,NA,NA,85,0,9,NA,"TRUE",NA,NA,NA,NA,NA,NA,NA,NA,NA,"white spot on belly. Resorbed embryos (2/3 left, 4/5 right)",18.38,83.31,"77.16","Mus musculus","12-09-17",NA,NA,"0.0493",NA,NA,NA,NA,NA,0,0,0,2,0,"Dorfanger 7 15754 Heidesee","pregnant","Czech",NA,NA,NA,NA,NA,"3",5,"1.12","TRUE",TRUE,0,0,0,0,2,85,9,0,0,0.658274271544134,"13.8756 52.6053",0
"AA_0271","HZ_BR","SCHORF28","F",13.5353,52.8969,2017,NA,NA,NA,NA,NA,NA,NA,NA,"100","95/100","125","100/120","70/100","80/100","mm","dm","mm","dm","dm","dm","HI 6",0.666666667,"Germany",NA,NA,NA,NA,NA,NA,NA,"13/09/17",NA,NA,NA,NA,NA,NA,NA,NA,NA,NA,NA,NA,NA,NA,NA,NA,NA,NA,0,0,0,NA,"FALSE",NA,NA,NA,NA,NA,NA,NA,NA,NA,"post partum?",25.42,98.5,"95.6","Mus musculus","12-09-17",NA,NA,"0.0534",NA,NA,NA,NA,NA,0,0,0,0,0,"Reiterhof Böse","adult","Czech",NA,NA,0.0074,0.0075,0.0149,"0",0,"0.28","FALSE",FALSE,0,0,0,0,0,0,0,0,0,0.704901177534645,"13.5353 52.8969",0
"AA_0272","HZ_BR","SCHORF28","M",13.5353,52.8969,2017,NA,NA,NA,NA,NA,NA,NA,NA,"100","100",NA,"100","70/100",NA,"mm","dd",NA,"dd","dm",NA,"HI 4",0.375,"Germany",NA,NA,NA,NA,NA,NA,NA,"13/09/17",NA,NA,NA,NA,NA,NA,NA,NA,NA,NA,NA,NA,NA,NA,NA,NA,NA,NA,0,0,0,NA,"FALSE",NA,NA,NA,NA,NA,NA,NA,NA,NA,NA,11.02,69.54,"76.51","Mus musculus","12-09-17",NA,NA,"0.0239",NA,"0.0284",NA,NA,NA,0,0,0,0,0,"Reiterhof Böse","adult","Czech",0.0368,0.0375,NA,NA,NA,NA,NA,"0.14","FALSE",FALSE,0,0,0,0,0,0,0,0,0,0.565715976492762,"13.5353 52.8969",0
"AA_0286","HZ_BR","NEUZI8","F",13.7772,52.3744,2017,"d",NA,"dd","dd","dd","dd","dd","dd","94","100","100","100","90/100","100","dd","dd","dd","dd","dm","dd","HI 13",0.04,"Germany",NA,NA,NA,NA,NA,NA,NA,"13/09/17",NA,NA,NA,NA,NA,NA,NA,NA,NA,NA,NA,NA,NA,NA,NA,NA,NA,NA,0,0,0,NA,"FALSE",NA,NA,NA,NA,NA,NA,NA,NA,NA,NA,11.87,71.15,"79.27","Mus musculus","12-09-17",NA,NA,"<0.01",NA,NA,NA,NA,NA,0,0,0,0,0,"Kiefernweg 8, 15537 Gosen-Neu Zittau, Germany","adult","German",NA,NA,NA,NA,NA,NA,NA,"0.08","FALSE",FALSE,0,0,0,0,0,0,0,0,0,0.580102190344099,"13.7772 52.3744",0
"AA_0295","HZ_BR","CROU17","M",14.1161,52.7914,2017,"d","m","m","m","m","m","d","m","100","95","125","120","70","80","mm","mm","mm","mm","mm","mm","HI 14",0.9,"Germany",NA,NA,NA,NA,NA,NA,NA,"14/09/17",NA,NA,NA,NA,NA,NA,NA,NA,NA,NA,NA,NA,NA,NA,NA,NA,NA,NA,NA,NA,NA,NA,"FALSE",NA,NA,NA,NA,NA,NA,NA,NA,NA,"Died in cage. Small protocol ",16.24,82.04,"69.37","Mus musculus","13-09-17",NA,NA,NA,NA,NA,NA,NA,NA,NA,NA,NA,NA,NA,"Croustillier 17, 16259 oderage","adult","Czech",NA,NA,NA,NA,NA,NA,NA,"0.06","FALSE",NA,NA,NA,NA,NA,0,NA,NA,NA,NA,0.632481609550144,"14.1161 52.7914",0
"AA_0296","HZ_BR","ALTG26","M",14.0953,52.7383,2017,"d","m","m","m","m","m","m","m","100","95","125","120","70/90","80","mm","mm","mm","mm","mm","mm","HI 14",0.95,"Germany",NA,NA,NA,NA,NA,NA,NA,"14/09/17",NA,NA,NA,NA,NA,NA,NA,NA,NA,NA,NA,NA,NA,NA,NA,NA,NA,NA,0,0,0,NA,"FALSE",NA,NA,NA,NA,NA,NA,NA,NA,NA,NA,14.62,77.35,"68.87","Mus musculus","13-09-17",NA,NA,"0.0288",NA,"0.0156",0.0887,NA,NA,0,0,0,0,0,"Alt Gaul 26b 16269 Wriezen florian köhler","adult","Czech",0.0651,0.0633,NA,NA,NA,NA,NA,"0.91","FALSE",FALSE,0,0,0,0,0,0,0,0,0,0.616876807786868,"14.0953 52.7383",15385
"AA_0297","HZ_BR","CROU17","F",14.1161,52.7914,2017,"d",NA,"mm","mm","mm","dm","mm","mm","100","100","100/125","120","90","80","mm","dd","dm","mm","mm","mm","HI 13",0.8,"Germany",NA,NA,NA,NA,NA,NA,NA,"14/09/17",NA,NA,NA,NA,NA,NA,NA,NA,NA,NA,NA,NA,NA,NA,NA,NA,NA,NA,0,0,96,NA,"FALSE",NA,NA,NA,NA,NA,NA,NA,NA,NA,NA,17.74,82.33,"79.2","Mus musculus","13-09-17",NA,NA,"0.0316",NA,NA,NA,NA,NA,17,0,0,0,0,"Croustillier 17, 16259 oderage","pregnant","Czech",NA,NA,NA,NA,NA,"3",3,"0.39","FALSE",TRUE,0,0,0,0,0,0,96,17,0,0.652005076456474,"14.1161 52.7914",0
"AA_0301","HZ_BR","ALTG26","F",14.0953,52.7383,2017,"m",NA,"mm","mm","mm","dm","mm",NA,"94","95","125","120","100","80","dd","mm","mm","mm","dd","mm","HI 12",0.782608696,"Germany",NA,NA,NA,NA,NA,NA,NA,"14/09/17",NA,NA,NA,NA,NA,NA,NA,NA,NA,NA,NA,NA,NA,NA,NA,NA,NA,NA,0,0,0,NA,"FALSE",NA,NA,NA,NA,NA,NA,NA,NA,NA,NA,18.7,89.5,"80.82","Mus musculus","13-09-17",NA,NA,"0.0323",NA,NA,NA,NA,NA,49,0,0,0,0,"Alt Gaul 26b 16269 Wriezen florian köhler","post partum","Czech",NA,NA,0.0058,0.0064,0.0122,"0",0,"0.6","FALSE",TRUE,0,0,0,0,0,0,0,49,0,0.651617274478291,"14.0953 52.7383",58333
"AA_0302","HZ_BR","HOPPE1","M",13.6761,52.4978,2017,"d","m","d","d","m","m","m","m","94/100",NA,"100/125","100","100","100","dm",NA,"dm","dd","dd","dd","HI 13",0.388888889,"Germany",NA,NA,NA,NA,NA,NA,NA,"14/09/17",NA,NA,NA,NA,NA,NA,NA,NA,NA,NA,NA,NA,NA,NA,NA,NA,NA,NA,0,0,0,NA,"FALSE",NA,NA,NA,NA,NA,NA,NA,NA,NA,NA,17.9,84.25,"96.58","Mus musculus","13-09-17",NA,NA,"0.0205",NA,"0.0262",0.2137,NA,NA,0,0,0,0,0,"Reitsport Münchehofe Minderhofer strasse","adult","Czech",0.0789,82,NA,NA,NA,NA,NA,"0.43","FALSE",FALSE,0,0,0,0,0,0,0,0,0,0.650640116866487,"13.6761 52.4978",0
"AA_0303","HZ_BR","KLEINS31","M",13.8675,52.2428,2017,"d","m","d","d","d","d","d","d","94","100","125","100","70/100","100","dd","dd","mm","dd","dm","dd","HI 14",0.2,"Germany",NA,NA,NA,NA,NA,NA,NA,"14/09/17",NA,NA,NA,NA,NA,NA,NA,NA,NA,NA,NA,NA,NA,NA,NA,NA,NA,NA,0,137,0,NA,"FALSE",NA,NA,NA,NA,NA,NA,NA,NA,NA,NA,18.92,83.28,"91.96","Mus musculus","13-09-17",NA,NA,"0.0528",NA,"0.0194",232,NA,NA,0,0,0,0,0,"Pferdefreunde klein-schauen alte-dorfstrasse 31 15859 stokow","adult","Czech",0.0506,0.0538,NA,NA,NA,NA,NA,"0.04","FALSE",TRUE,0,0,0,0,0,137,0,0,0,0.664875845168849,"13.8675 52.2428",28125
"AA_0304","HZ_BR","HOPPE1","F",13.6761,52.4978,2017,"d",NA,"dd","dd","mm","mm","mm","mm","100","100","100/125","100","100","80","mm","dd","dm","dd","dd","mm","HI 13",0.52,"Germany",NA,NA,NA,NA,NA,NA,NA,"14/09/17",NA,NA,NA,NA,NA,NA,NA,NA,NA,NA,NA,NA,NA,NA,NA,NA,NA,NA,0,4,0,NA,"FALSE",NA,NA,NA,NA,NA,NA,NA,NA,NA,NA,15.58,82.08,"81.92","Mus musculus","13-09-17",NA,NA,"0.0258",NA,NA,NA,NA,NA,0,0,0,0,0,"Reitsport Münchehofe Minderhofer strasse","pregnant","Czech",NA,NA,NA,NA,NA,"2",1,"0.69","FALSE",TRUE,0,0,0,0,0,4,0,0,0,0.622998738754753,"13.6761 52.4978",0
"AA_0307","HZ_BR","KLEINS31","F",13.8675,52.2428,2017,"d",NA,"dd","dd","dd","dd","dd","dd","94/100","100","100/125","100","70/100","100","dm","dd","dm","dd","dm","dd","HI 13",0.12,"Germany",NA,NA,NA,NA,NA,NA,NA,"14/09/17",NA,NA,NA,NA,NA,NA,NA,NA,NA,NA,NA,NA,NA,NA,NA,NA,NA,NA,0,43,0,NA,"FALSE",NA,NA,NA,NA,NA,NA,NA,NA,NA,NA,16.75,78.75,"85.58","Mus musculus","13-09-17",NA,NA,"368",NA,NA,NA,NA,NA,0,0,0,0,0,"Pferdefreunde klein-schauen alte-dorfstrasse 31 15859 stokow","pregnant","Czech",NA,NA,NA,NA,NA,"2",5,"0.56","FALSE",TRUE,0,0,0,0,0,43,0,0,0,0.645492128310246,"13.8675 52.2428",0
"AA_0319","HZ_BR","DUBEN24","F",13.8103,51.8978,2017,"d",NA,"dd","dd","dd","dd","dd","dd","94","100","100","100","70","100","dd","dd","dd","dd","mm","dd","HI 13",0.08,"Germany",NA,NA,NA,NA,NA,NA,NA,"14/09/17",NA,NA,NA,NA,NA,NA,NA,NA,NA,NA,NA,NA,NA,NA,NA,NA,NA,NA,0,0,9,NA,"TRUE",NA,NA,NA,NA,NA,NA,NA,NA,NA,NA,14.2,73.41,"74.28","Mus musculus","13-09-17",NA,NA,"0.02",NA,NA,NA,NA,NA,0,0,0,0,0,"dubener hauptstrasse 24","adult","German",NA,NA,NA,NA,NA,"0",0,"0.84","TRUE",TRUE,0,0,0,0,0,0,9,0,0,0.617598884096132,"13.8103 51.8978",30804
"AA_0320","HZ_BR","DUBEN24","M",13.8103,51.8978,2017,"d","m","d","d","d","d","d","d","94",NA,"100","100","100","100","dd",NA,"dd","dd","dd","dd","HI 13",0.055555556,"Germany",NA,NA,NA,NA,NA,NA,NA,"14/09/17",NA,NA,NA,NA,NA,NA,NA,NA,NA,NA,NA,NA,NA,NA,NA,NA,NA,NA,0,0,0,NA,"FALSE",NA,NA,NA,NA,NA,NA,NA,NA,NA,NA,16.37,79.23,"84.3","Mus musculus","13-09-17",NA,NA,"0.0509",NA,"0.0237",0.1369,NA,NA,0,0,0,0,0,"dubener hauptstrasse 24","adult","Czech",0.0702,0.0702,NA,NA,NA,NA,NA,"0.74","FALSE",FALSE,0,0,0,0,0,0,0,0,0,0.639346617968452,"13.8103 51.8978",0
"AA_0321","HZ_BR","DORETT","M",13.4622,53.1119,2017,"m","m","m","m",NA,"d","m","m","100","95","125","120","90/100","80","mm","mm","mm","mm","dm","mm","HI 13",0.894736842,"Germany",NA,NA,NA,NA,NA,NA,NA,"15/09/17",NA,NA,NA,NA,NA,NA,NA,NA,NA,NA,NA,NA,NA,NA,NA,NA,NA,NA,0,37,0,NA,"FALSE",NA,NA,NA,NA,NA,NA,NA,NA,NA,"",9.42,69.59,"65.19","Mus musculus","14-09-17",NA,NA,"0.0335",NA,"0.0139",0.0221,NA,NA,0,0,0,0,0,"Dorretenhof Gut Doretenhof 2/3","BA","Czech",0.0516,0.0518,NA,NA,NA,NA,NA,"0.41","FALSE",TRUE,0,0,0,0,0,37,0,0,0,0.52864376823428,"13.4622 53.1119",2134
"AA_0322","HZ_BR","WOLZ1","M",13.8339,52.2694,2017,"d","m","d","m","d","d","d","d","94","100","100","100","70/100","100","dd","dd","dd","dd","dm","dd","HI 14",0.15,"Germany",NA,NA,NA,NA,NA,NA,NA,"15/09/17",NA,NA,NA,NA,NA,NA,NA,NA,NA,NA,NA,NA,NA,NA,NA,NA,NA,NA,0,1,0,NA,"FALSE",NA,NA,NA,NA,NA,NA,NA,NA,NA,"",16.85,77.72,"87.97","Mus musculus","14-09-17",NA,NA,"0.0291",NA,"0.0142",0.0436,NA,NA,0,0,0,0,0,"Spreehagenstr. 1 15754 Heidesee","adult","Czech",0.0945,0.0965,NA,NA,NA,NA,NA,"0.6","FALSE",TRUE,0,0,0,0,0,1,0,0,0,0.648811758486672,"13.8339 52.2694",0
"AA_0323","HZ_BR","DORETT","F",13.4622,53.1119,2017,"m",NA,"mm",NA,"mm","dd","mm","mm","100","95","100/125","120","90/100","80","mm","mm","dm","mm","dm","mm","HI 12",0.826086957,"Germany",NA,NA,NA,NA,NA,NA,NA,"15/09/17",NA,NA,NA,NA,NA,NA,NA,NA,NA,NA,NA,NA,NA,NA,NA,NA,NA,NA,0,0,0,NA,"FALSE",NA,NA,NA,NA,NA,NA,NA,NA,NA,"",8.1,69.25,"60.8","Mus musculus","14-09-17",NA,NA,"0.0137",NA,NA,NA,NA,NA,0,0,0,0,0,"Dorretenhof Gut Doretenhof 2/3","adult","Czech",NA,NA,1,0.0016,0.0026,"0",0,"0.75","FALSE",FALSE,0,0,0,0,0,0,0,0,0,0.493629241474457,"13.4622 53.1119",0
"AA_0325","HZ_BR","STORK84","M",13.4408,53.0497,2017,"d","m","m","m","m","d","m","m","100","100","125","120","90","80","mm","dd","mm","mm","mm","mm","HI 14",0.8,"Germany",NA,NA,NA,NA,NA,NA,NA,"15/09/17",NA,NA,NA,NA,NA,NA,NA,NA,NA,NA,NA,NA,NA,NA,NA,NA,NA,NA,0,7,0,NA,"FALSE",NA,NA,NA,NA,NA,NA,NA,NA,NA,"",14.71,79.52,"73.51","Mus musculus","14-09-17",NA,NA,"0.0651",NA,"0.0137",0.0321,NA,NA,0,0,3,0,0,"Dorfstrasse 84 Storkow",NA,"Czech",0.0656,0.0652,NA,NA,NA,NA,NA,"0.29","FALSE",TRUE,0,0,0,3,0,7,0,0,0,0.61437894746042,"13.4408 53.0497",2586
"AA_0326","HZ_BR","JOACHH3","M",13.4589,53.1247,2017,"d","m","m","m","m","d","d","m","94","95","125","120","90/100","80","dd","mm","mm","mm","dm","mm","HI 14",0.7,"Germany",NA,NA,NA,NA,NA,NA,NA,"15/09/17",NA,NA,NA,NA,NA,NA,NA,NA,NA,NA,NA,NA,NA,NA,NA,NA,NA,NA,0,2,0,NA,"TRUE",NA,NA,NA,NA,NA,NA,NA,NA,NA,"",12.71,75.86,"75.86","Mus musculus","14-09-17",NA,NA,"0.0459",NA,"13",0.0741,NA,NA,0,0,0,0,0,"JOACHIM3",NA,"Czech",0.0547,0.0564,NA,NA,NA,NA,NA,"0.51","TRUE",TRUE,0,0,0,0,0,2,0,0,0,0.587307452385919,"13.4589 53.1247",0
"AA_0327","HZ_BR","STORK84","F",13.4408,53.0497,2017,"d",NA,"mm","mm","mm","dd","mm","mm","100","100","100/125","120","70/90","80/100","mm","dd","dm","mm","mm","dm","HI 13",0.72,"Germany",NA,NA,NA,NA,NA,NA,NA,"15/09/17",NA,NA,NA,NA,NA,NA,NA,NA,NA,NA,NA,NA,NA,NA,NA,NA,NA,NA,18,0,0,NA,"FALSE",NA,NA,NA,NA,NA,NA,NA,NA,NA,"",17.17,84.8,"75.82","Mus musculus","14-09-17",NA,NA,"0.0416",NA,NA,NA,NA,NA,0,0,0,0,0,"Dorfstrasse 84 Storkow",NA,"Czech",NA,NA,0.0043,0.0039,0.0082,"0",0,"0.12","FALSE",TRUE,0,1,0,0,1,18,0,0,0,0.640309557664689,"13.4408 53.0497",0
"AA_0329","HZ_BR","BRIES23","M",14.0189,51.9661,2017,"m","m","m","m","m","m","m","m","100","95","125","120","70","80","mm","mm","mm","mm","mm","mm","HI 14",1,"Germany",NA,NA,NA,NA,NA,NA,NA,"15/09/17",NA,NA,NA,NA,NA,NA,NA,NA,NA,NA,NA,NA,NA,NA,NA,NA,NA,NA,0,0,0,NA,"FALSE",NA,NA,NA,NA,NA,NA,NA,NA,NA,"",16.09,80.24,"80.38","Mus musculus","14-09-17",NA,NA,"0.0206",NA,"0.0178",0.0869,NA,NA,0,0,0,0,0,"Haus am See 23 Briesensee",NA,"Czech",0.0603,0.0618,NA,NA,NA,NA,NA,"0.61","FALSE",FALSE,0,0,0,0,0,0,0,0,0,0.633565320764708,"14.0189 51.9661",0
"AA_0331","HZ_BR","TEMPL1","F",13.4781,53.1153,2017,"m",NA,"mm","mm","mm","mm","mm","mm",NA,"95","125","120","90/100","80",NA,"mm","mm","mm","dm","mm","HI 12",0.956521739,"Germany",NA,NA,NA,NA,NA,NA,NA,"15/09/17",NA,NA,NA,NA,NA,NA,NA,NA,NA,NA,NA,NA,NA,NA,NA,NA,NA,NA,12,214,0,NA,"FALSE",NA,NA,NA,NA,NA,NA,NA,NA,NA,"",16.77,80.89,"75.87","Mus musculus","14-09-17",NA,NA,"36",NA,NA,NA,NA,NA,0,1,0,0,0,"TEMP1",NA,"Czech",NA,NA,45,6,0.0105,"0",0,"0.12","FALSE",TRUE,0,0,0,0,0,226,0,0,1,0.641824192756885,"13.4781 53.1153",0
"AA_0333","HZ_BR","TEMPL1","M",13.4781,53.1153,2017,"m","m","m","m","m","m","m","m","100","95","125","120","100","80","mm","mm","mm","mm","dd","mm","HI 14",0.9,"Germany",NA,NA,NA,NA,NA,NA,NA,"15/09/17",NA,NA,NA,NA,NA,NA,NA,NA,NA,NA,NA,NA,NA,NA,NA,NA,NA,NA,45,22,0,NA,"FALSE",NA,NA,NA,NA,NA,NA,NA,NA,NA,"left kidney regressed",17.87,82.12,"76.82","Mus musculus","14-09-17",NA,NA,"0.0885",NA,"0.0185",0.0938,NA,NA,0,0,0,6,0,"TEMP1",NA,"Czech",0.0528,0.05,NA,NA,NA,NA,NA,"0.46","FALSE",TRUE,0,0,0,0,6,67,0,0,0,0.654039147186011,"13.4781 53.1153",0
"AA_0334","HZ_BR","HARN58","M",14.0078,52.6825,2017,"m","m","m","m","m","m",NA,"m","100","95","125","120","70/100","80","mm","mm","mm","mm","dm","mm","HI 13",0.947368421,"Germany",NA,NA,NA,NA,NA,NA,NA,"15/09/17",NA,NA,NA,NA,NA,NA,NA,NA,NA,NA,NA,NA,NA,NA,NA,NA,NA,NA,0,0,0,NA,"FALSE",NA,NA,NA,NA,NA,NA,NA,NA,NA,"",12.16,73.26,"68.44","Mus musculus","14-09-17",NA,NA,"0.0209",NA,"0.0173",0.1107,NA,NA,0,0,0,0,0,"Hauptstrasse 58 15345 Harnedorf",NA,"Czech",0.0718,0.0748,NA,NA,NA,NA,NA,"0.05","FALSE",FALSE,0,0,0,0,0,0,0,0,0,0.581775335602092,"14.0078 52.6825",0
"AA_0335","HZ_BR","KLEINE","F",14.0542,51.9744,2017,"d",NA,"mm","mm","mm","mm","mm","mm","100","95","100","120","70","80/100","mm","mm","dd","mm","mm","dm","HI 13",0.84,"Germany",NA,NA,NA,NA,NA,NA,NA,"15/09/17",NA,NA,NA,NA,NA,NA,NA,NA,NA,NA,NA,NA,NA,NA,NA,NA,NA,NA,0,0,0,NA,"TRUE",NA,NA,NA,NA,NA,NA,NA,NA,NA,"",13.65,76.7,"71.65","Mus musculus","14-09-17",NA,NA,"0.0297",NA,NA,NA,NA,NA,0,0,0,0,0,"Waldstrasse 1",NA,"Czech",NA,NA,0.0027,0.0029,0.0056,"0",0,"0.51","TRUE",TRUE,0,1,0,0,1,0,0,0,0,0.602257769245819,"14.0542 51.9744",0
"AA_0337","HZ_BR","ALTR39","F",14.0817,52.7667,2017,"m",NA,"mm","mm","mm","dd","mm","mm",NA,"95","125","120","70","80",NA,"mm","mm","mm","mm","mm","HI 12",0.913043478,"Germany",NA,NA,NA,NA,NA,NA,NA,"15/09/17",NA,NA,NA,NA,NA,NA,NA,NA,NA,NA,NA,NA,NA,NA,NA,NA,NA,NA,66,115,4,NA,"FALSE",NA,NA,NA,NA,NA,NA,NA,NA,NA,"",14.58,81.18,"73.78","Mus musculus","14-09-17",NA,NA,"21",NA,NA,NA,NA,NA,0,0,0,0,0,"Alte Heerstrasse 39","post partum","Czech",NA,NA,0.0033,0.0039,0.0072,"0",0,"0.6","FALSE",TRUE,0,0,0,0,0,181,4,0,0,0.60947293975809,"14.0817 52.7667",0
"AA_0340","HZ_BR","JOACHH3","F",13.4589,53.1247,2017,"d",NA,"mm","mm",NA,"mm","mm","mm","94","95","125","120","70/100","80","dd","mm","mm","mm","dm","mm","HI 12",0.826086957,"Germany",NA,NA,NA,NA,NA,NA,NA,"15/09/17",NA,NA,NA,NA,NA,NA,NA,NA,NA,NA,NA,NA,NA,NA,NA,NA,NA,NA,2,7,0,NA,"FALSE",NA,NA,NA,NA,NA,NA,NA,NA,NA,"",22.19,80.3,"73.83","Mus musculus","14-09-17",NA,NA,"0.0231",NA,NA,NA,NA,NA,0,0,0,0,0,"JOACHIM3","pregnant","Czech",NA,NA,NA,NA,NA,"3",2,"0.13","FALSE",TRUE,0,0,0,0,0,9,0,0,0,0.706749785063077,"13.4589 53.1247",0
"AA_0341","HZ_BR","TEMPL28","F",13.4864,53.1275,2017,"m",NA,"mm","mm","mm","dd","mm",NA,"100","95","125","120","70/90","80","mm","mm","mm","mm","mm","mm","HI 12",0.913043478,"Germany",NA,NA,NA,NA,NA,NA,NA,"15/09/17",NA,NA,NA,NA,NA,NA,NA,NA,NA,NA,NA,NA,NA,NA,NA,NA,NA,NA,7,2,0,NA,"FALSE",NA,NA,NA,NA,NA,NA,NA,NA,NA,"",15.8,80.13,"63.74","Mus musculus","14-09-17",NA,NA,"0.0334",NA,NA,NA,NA,NA,0,0,0,0,0,"Lychenerstrasse 28 17268 templin",NA,"Czech",NA,NA,0.0046,0.0039,NA,"0",0,"0.54","FALSE",TRUE,0,0,0,0,0,9,0,0,0,0.629614531544937,"13.4864 53.1275",0
"AA_0343","HZ_BR","BRIES23","F",14.0189,51.9661,2017,"m",NA,"mm","dd","mm","mm","mm","mm","100","95/100","100/125","120","100","80","mm","dm","dm","mm","dd","mm","HI 13",0.76,"Germany",NA,NA,NA,NA,NA,NA,NA,"15/09/17",NA,NA,NA,NA,NA,NA,NA,NA,NA,NA,NA,NA,NA,NA,NA,NA,NA,NA,0,0,0,NA,"FALSE",NA,NA,NA,NA,NA,NA,NA,NA,NA,"",14.79,80.06,"73.72","Mus musculus","14-09-17",NA,NA,"0.0414",NA,NA,NA,NA,NA,0,0,0,0,0,"Haus am See 23 Briesensee",NA,"Czech",NA,NA,0.0042,0.0064,0.0106,"0",0,"0.13","FALSE",FALSE,0,0,0,0,0,0,0,0,0,0.614667749252542,"14.0189 51.9661",0
"AA_0365","HZ_BR","DANNE16","M",13.9578,52.7714,2017,"d","m","m","m","m","d","m","m","100","100","100","100","70","80/100","mm","dd","dd","dd","mm","dm","HI 14",0.55,"Germany",NA,NA,NA,NA,NA,NA,NA,"16/09/17",NA,NA,NA,NA,NA,NA,NA,NA,NA,NA,NA,NA,NA,NA,NA,NA,NA,NA,0,0,0,NA,"FALSE",NA,NA,NA,NA,NA,NA,NA,NA,NA,"",13.12,73.7,"70.01","Mus musculus","15-09-17",NA,NA,"0.0306",NA,"0.0116",0.0412,NA,NA,0,0,0,0,0,"Birkenweg 16 16259 Dannenberg","adult","Czech",0.0472,0.0528,NA,NA,NA,NA,NA,"0.08","FALSE",FALSE,0,0,0,0,0,0,0,0,0,0.59863630414326,"13.9578 52.7714",0
"AA_0367","HZ_BR","DANNE16","F",13.9578,52.7714,2017,"d",NA,"mm","mm","mm","dm","mm","dm","100","95","100","100/120","90","100","mm","mm","dd","dm","mm","dd","HI 13",0.68,"Germany",NA,NA,NA,NA,NA,NA,NA,"16/09/17",NA,NA,NA,NA,NA,NA,NA,NA,NA,NA,NA,NA,NA,NA,NA,NA,NA,NA,0,0,0,NA,"FALSE",NA,NA,NA,NA,NA,NA,NA,NA,NA,"",15.87,82.73,"73.19","Mus musculus","15-09-17",NA,NA,"0.0567",NA,NA,NA,NA,NA,0,0,0,0,0,"Birkenweg 16 16259 Dannenberg","post partum","Czech",NA,NA,0.0043,0.0061,0.0104,"0",0,"0.06","FALSE",FALSE,0,0,0,0,0,0,0,0,0,0.626062510213938,"13.9578 52.7714",0
"AA_0370","HZ_BR","SEEW6","F",13.8767,52.2089,2017,"d",NA,"mm","dd","dd","dd","dd","dd","94","100","100","100","100","100","dd","dd","dd","dd","dd","dd","HI 13",0.08,"Germany",NA,NA,NA,NA,NA,NA,NA,"16/09/17",NA,NA,NA,NA,NA,NA,NA,NA,NA,NA,NA,NA,NA,NA,NA,NA,NA,NA,0,8,0,NA,"TRUE",NA,NA,NA,NA,NA,NA,NA,NA,NA,"",20.34,84.42,"83.35","Mus musculus","15-09-17",NA,NA,"147",NA,NA,NA,NA,NA,0,0,0,0,0,"Seeweg 6, 15859 Storkow (Mark), Germany","pregnant","Czech",NA,NA,NA,NA,NA,"2",5,"0.73","TRUE",TRUE,0,0,0,0,0,8,0,0,0,0.679152902037098,"13.8767 52.2089",0
"AA_0374","HZ_BR","SAW10","M",14.1808,52.0747,2017,"m","m","m","d","d","d","d","d","100","95/100","100/125","120","70","100","mm","dm","dm","mm","mm","dd","HI 14",0.55,"Germany",NA,NA,NA,NA,NA,NA,NA,"16/09/17",NA,NA,NA,NA,NA,NA,NA,NA,NA,NA,NA,NA,NA,NA,NA,NA,NA,NA,0,4,0,NA,"FALSE",NA,NA,NA,NA,NA,NA,NA,NA,NA,"",15.4,77.68,"79.36","Mus musculus","15-09-17",NA,NA,"0.0246",NA,"0.0124",0.0725,NA,NA,0,0,0,0,0,"Sawaller dorfstrasse 10 15848","adult","Czech",0.0406,0.0419,NA,NA,NA,NA,NA,"0.22","FALSE",TRUE,0,0,0,0,0,4,0,0,0,0.628215061440563,"14.1808 52.0747",0
"AA_0393","HZ_BR","GUHL29","F",14.1442,52.0172,2017,"d",NA,"mm","mm","mm","mm","mm","mm",NA,"95","100/125","120","70/100","80",NA,"mm","dm","mm","dm","mm","HI 12",0.869565217,"Germany",NA,NA,NA,NA,NA,NA,NA,"16/09/17",NA,NA,NA,NA,NA,NA,NA,NA,NA,NA,NA,NA,NA,NA,NA,NA,NA,NA,6,0,9,NA,"FALSE",NA,NA,NA,NA,NA,NA,NA,NA,NA,"",19.03,85.09,"75.59","Mus musculus","15-09-17",NA,NA,"49",NA,NA,NA,NA,NA,0,0,0,0,0,"Guhlener dorfstrasse 29 15913 Schwielochser","post partum","Czech",NA,NA,NA,NA,NA,"0",0,"0.13","FALSE",TRUE,0,0,0,0,0,6,9,0,0,0.662963379613504,"14.1442 52.0172",0
"AA_0394","HZ_BR","SAW10","F",14.1808,52.0747,2017,"m",NA,"mm","dm","dd","dm","mm","mm","94/100","95/100","100/125","120","70","100","dm","dm","dm","mm","mm","dd","HI 13",0.64,"Germany",NA,NA,NA,NA,NA,NA,NA,"16/09/17",NA,NA,NA,NA,NA,NA,NA,NA,NA,NA,NA,NA,NA,NA,NA,NA,NA,NA,0,7,0,NA,"FALSE",NA,NA,NA,NA,NA,NA,NA,NA,NA,"",15.82,83.2,"78.85","Mus musculus","15-09-17",NA,NA,"0.0275",NA,NA,NA,NA,NA,0,0,0,0,0,"Sawaller dorfstrasse 10 15848","adult","Czech",NA,NA,3,0.0034,0.0064,"0",0,"0.6","FALSE",TRUE,0,0,0,0,0,7,0,0,0,0.624546591743288,"14.1808 52.0747",0
"AA_0403","HZ_BR","SABR6","M",14.1736,52.0892,2017,"m","m","m","m","m","d","m","m","94/100","100","125","120","70/100","80","dm","dd","mm","mm","dm","mm","HI 14",0.75,"Germany",NA,NA,NA,NA,NA,NA,NA,"16/09/17",NA,NA,NA,NA,NA,NA,NA,NA,NA,NA,NA,NA,NA,NA,NA,NA,NA,NA,0,19,0,NA,"TRUE",NA,NA,NA,NA,NA,NA,NA,NA,NA,"",16,77.24,"77.13","Mus musculus","15-09-17",NA,NA,"0.03",NA,"0.0196",0.0738,NA,NA,0,0,0,0,0,"Beeskower strasse 6 ","adult","German",0.0537,0.0532,NA,NA,NA,NA,NA,"0.67","TRUE",TRUE,0,0,0,0,0,19,0,0,0,0.637828702594202,"14.1736 52.0892",0
"AA_0422","HZ_BR","LETS38","M",14.3217,52.6506,2017,"d","m","m","m","m","m","m","m","94",NA,"125","120","70","80","dd",NA,"mm","mm","mm","mm","HI 13",0.833333333,"Germany",NA,NA,NA,NA,NA,NA,NA,"17/09/17",NA,NA,NA,NA,NA,NA,NA,NA,NA,NA,NA,NA,NA,NA,NA,NA,NA,NA,1,0,0,NA,"FALSE",NA,NA,NA,NA,NA,NA,NA,NA,NA,"",16.88,80.69,"71.77","Mus musculus","16-09-17",NA,NA,"0.0366",NA,"0.0235",119,NA,NA,0,0,0,0,0,"Wriezenerstrasse 38 15324 Letschin","adult","Czech",0.0762,0.0775,NA,NA,NA,NA,NA,"0.29","FALSE",TRUE,0,0,0,0,0,1,0,0,0,0.643675137368366,"14.3217 52.6506",0
"AA_0424","HZ_BR","GROSBA7","F",14.2775,52.6867,2017,"d",NA,"mm","mm","mm","mm","mm","mm","94/100","95","125","120","70/100","80","dm","mm","mm","mm","dm","mm","HI 13",0.88,"Germany",NA,NA,NA,NA,NA,NA,NA,"17/09/17",NA,NA,NA,NA,NA,NA,NA,NA,NA,NA,NA,NA,NA,NA,NA,NA,NA,NA,0,0,0,NA,"FALSE",NA,NA,NA,NA,NA,NA,NA,NA,NA,"",21.28,85.97,"75.35","Mus musculus","16-09-17",NA,NA,"0.0268",NA,NA,NA,NA,NA,0,0,0,0,0,"Grossbarmim 7 Neutmbbin (Ortsteil Alt-Barmim)","pregnant","Czech",NA,NA,NA,NA,NA,"0",4,"1.11","FALSE",FALSE,0,0,0,0,0,0,0,0,0,0.686521949742629,"14.2775 52.6867",0
"AA_0431","HZ_BR","KLEINB18","M",14.2769,52.6778,2017,"d","m","m","m","m",NA,"m","m","100","95","125","100/120","70","80","mm","mm","mm","dm","mm","mm","HI 13",0.894736842,"Germany",NA,NA,NA,NA,NA,NA,NA,"17/09/17",NA,NA,NA,NA,NA,NA,NA,NA,NA,NA,NA,NA,NA,NA,NA,NA,NA,NA,0,0,0,NA,"FALSE",NA,NA,NA,NA,NA,NA,NA,NA,NA,"",12.98,73.32,"70.77","Mus musculus","16-09-17",NA,NA,"0.0288",NA,"0.0087",0.0223,NA,NA,0,0,0,0,0,"Kleinbarmim 28 15320 Alt-Barmim","adult","Czech",0.0528,0.0543,NA,NA,NA,NA,NA,"0.68","FALSE",FALSE,0,0,0,0,0,0,0,0,0,0.596858936964865,"14.2769 52.6778",8824
"AA_0432","HZ_BR","HOPPE5","F",13.6686,52.4936,2017,"d",NA,"dd","dd","dd",NA,"dd","dd","94","100","100","100","90/100","100","dd","dd","dd","dd","dm","dd","HI 12",0.043478261,"Germany",NA,NA,NA,NA,NA,NA,NA,"17/09/17",NA,NA,NA,NA,NA,NA,NA,NA,NA,NA,NA,NA,NA,NA,NA,NA,NA,NA,0,0,0,NA,"FALSE",NA,NA,NA,NA,NA,NA,NA,NA,NA,"",11.54,73.92,"85.25","Mus musculus","16-09-17",NA,NA,NA,NA,NA,NA,NA,NA,0,0,0,0,0,"Pappelweg 5 Münchehofe","adult","Czech",NA,NA,0.0011,8e-04,0.0019,"0",0,"0.48","FALSE",FALSE,0,0,0,0,0,0,0,0,0,0.568400808969798,"13.6686 52.4936",0
"AA_0433","HZ_BR","KLEINB25","F",14.2733,52.6817,2017,"d",NA,"mm","mm","mm",NA,"mm","mm","100","95","125","120","70/100","80","mm","mm","mm","mm","dm","mm","HI 12",0.913043478,"Germany",NA,NA,NA,NA,NA,NA,NA,"17/09/17",NA,NA,NA,NA,NA,NA,NA,NA,NA,NA,NA,NA,NA,NA,NA,NA,NA,NA,NA,NA,NA,NA,"FALSE",NA,NA,NA,NA,NA,NA,NA,NA,NA,"Died in cage. Small protocol ",12.23,79.78,"68.53","Mus musculus","16-09-17",NA,NA,NA,NA,NA,NA,NA,NA,NA,NA,NA,NA,NA,"Kleinbarmim 28 15320 Alt-Barmim","adult","Czech",NA,NA,NA,NA,NA,NA,NA,"0.01","FALSE",NA,NA,NA,NA,NA,0,NA,NA,NA,NA,0.571759750414556,"14.2733 52.6817",0
"AA_0434","HZ_BR","WICH28","M",13.6422,53.2375,2017,"d","m","m","m","d",NA,"m","m","100","95","100/125","120","70","100","mm","mm","dm","mm","mm","dd","HI 13",0.736842105,"Germany",NA,NA,NA,NA,NA,NA,NA,"17/09/17",NA,NA,NA,NA,NA,NA,NA,NA,NA,NA,NA,NA,NA,NA,NA,NA,NA,NA,0,2,1,NA,"TRUE",NA,NA,NA,NA,NA,NA,NA,NA,NA,"",13.07,73.8,"51.59","Mus musculus","16-09-17",NA,NA,"0.0353",NA,"0.0158",0.0781,NA,NA,1,0,0,0,0,"Dorfstrasse 28 Wichmanndorf 17268","adult","Czech",55,0.0562,NA,NA,NA,NA,NA,"0.16","TRUE",TRUE,0,0,0,0,0,2,1,1,0,0.597559907930812,"13.6422 53.2375",0
"AA_0436","HZ_BR","WUGG","F",14.2606,52.0875,2017,"d",NA,"mm","mm","mm",NA,"mm","mm","100","95","125","100/120","100","80/100","mm","mm","mm","dm","dd","dm","HI 12",0.782608696,"Germany",NA,NA,NA,NA,NA,NA,NA,"17/09/17",NA,NA,NA,NA,NA,NA,NA,NA,NA,NA,NA,NA,NA,NA,NA,NA,NA,NA,0,0,1,NA,"FALSE",NA,NA,NA,NA,NA,NA,NA,NA,NA,"",16.31,79.01,"73.68","Mus musculus","16-09-17",NA,NA,"0.0678",NA,NA,NA,NA,NA,0,0,0,0,0,"Friedländer Ausbau, 15848 Friedland, Germany","adult","Czech",NA,NA,0.0046,0.0049,NA,"0",0,"0.64","FALSE",TRUE,0,0,0,0,0,0,1,0,0,0.638913116927774,"14.2606 52.0875",8398
"AA_0438","HZ_BR","PAPP1","M",13.6506,53.2108,2017,"d","m","m","m","m",NA,"m","m","100","95","125","120","70","80","mm","mm","mm","mm","mm","mm","HI 13",0.947368421,"Germany",NA,NA,NA,NA,NA,NA,NA,"17/09/17",NA,NA,NA,NA,NA,NA,NA,NA,NA,NA,NA,NA,NA,NA,NA,NA,NA,NA,0,0,0,NA,"FALSE",NA,NA,NA,NA,NA,NA,NA,NA,NA,"",10.87,67.91,"59.4","Mus musculus","16-09-17",NA,NA,"0.0253",NA,"0.0062",NA,NA,NA,0,0,0,0,0,"Pappelwerder 1 Papp1","adult","Czech",0.0375,0.0399,NA,NA,NA,NA,NA,"0.32","FALSE",FALSE,0,0,0,0,0,0,0,0,0,0.565647941763855,"13.6506 53.2108",0
"AA_0439","HZ_BR","AHR19","M",14.0756,52.1736,2017,"d","m","m","m","m",NA,"d","m","100","95","125","100/120","90/100","100","mm","mm","mm","dm","dm","dd","HI 13",0.684210526,"Germany",NA,NA,NA,NA,NA,NA,NA,"17/09/17",NA,NA,NA,NA,NA,NA,NA,NA,NA,NA,NA,NA,NA,NA,NA,NA,NA,NA,0,0,0,NA,"FALSE",NA,NA,NA,NA,NA,NA,NA,NA,NA,"",17.88,81.9,"80.82","Mus musculus","16-09-17",NA,NA,"0.0438",NA,"0.0202",0.1434,NA,NA,0,0,0,0,0,"Lindenstraße 19, 15848 Beeskow, Germany","adult","Czech",0.0594,0.0602,NA,NA,NA,NA,NA,"0.49","FALSE",FALSE,0,0,0,0,0,0,0,0,0,0.654564392303511,"14.0756 52.1736",0
"AA_0442","HZ_BR","SCHAD5","M",14.2697,52.0439,2017,"d","m","m","m","m",NA,"m","m","100","95","125","120","90","80","mm","mm","mm","mm","mm","mm","HI 13",0.947368421,"Germany",NA,NA,NA,NA,NA,NA,NA,"17/09/17",NA,NA,NA,NA,NA,NA,NA,NA,NA,NA,NA,NA,NA,NA,NA,NA,NA,NA,0,43,0,NA,"FALSE",NA,NA,NA,NA,NA,NA,NA,NA,NA,"",15.35,77.39,"80.3","Mus musculus","16-09-17",NA,NA,"0.0249",NA,"0.0181",0.1143,NA,NA,0,0,0,0,0,"Schadow 5 dorfstrasse","adult","Czech",0.0578,0.0605,NA,NA,NA,NA,NA,"0.43","FALSE",TRUE,0,0,0,0,0,43,0,0,0,0.628007569346966,"14.2697 52.0439",0
"AA_0443","HZ_BR","WUGG","M",14.2606,52.0875,2017,"d","m","m","m","m",NA,"m","m","100","95","125","100/120","70/100","80","mm","mm","mm","dm","dm","mm","HI 13",0.842105263,"Germany",NA,NA,NA,NA,NA,NA,NA,"17/09/17",NA,NA,NA,NA,NA,NA,NA,NA,NA,NA,NA,NA,NA,NA,NA,NA,NA,NA,0,0,0,NA,"FALSE",NA,NA,NA,NA,NA,NA,NA,NA,NA,"",18.96,85.31,"74.68","Mus musculus","16-09-17",NA,NA,"36",NA,"0.0247",0.16,NA,NA,0,0,0,0,0,"Friedländer Ausbau, 15848 Friedland, Germany","adult","Czech",0.0764,0.0795,NA,NA,NA,NA,NA,"0.26","FALSE",FALSE,0,0,0,0,0,0,0,0,0,0.661749545009082,"14.2606 52.0875",0
"AA_0444","HZ_BR","SCHAD5","F",14.2697,52.0439,2017,"d",NA,"mm","mm","dd",NA,"mm","mm","100","95","125","100/120","90","80","mm","mm","mm","dm","mm","mm","HI 12",0.826086957,"Germany",NA,NA,NA,NA,NA,NA,NA,"17/09/17",NA,NA,NA,NA,NA,NA,NA,NA,NA,NA,NA,NA,NA,NA,NA,NA,NA,NA,0,0,0,NA,"FALSE",NA,NA,NA,NA,NA,NA,NA,NA,NA,"",11.48,75.92,"75.35","Mus musculus","16-09-17",NA,NA,"0.0179",NA,NA,NA,NA,NA,0,0,0,0,0,"Schadow 5 dorfstrasse","adult","Czech",NA,NA,0.0018,0.0022,4,"0",0,"0.68","FALSE",FALSE,0,0,0,0,0,0,0,0,0,0.563692075144766,"14.2697 52.0439",0
"AA_0445","HZ_BR","NIEW25","F",14.2272,52.0753,2017,"m",NA,"mm","mm","mm",NA,"mm","mm","100","95","125","120","90","100","mm","mm","mm","mm","mm","dd","HI 12",0.913043478,"Germany",NA,NA,NA,NA,NA,NA,NA,"17/09/17",NA,NA,NA,NA,NA,NA,NA,NA,NA,NA,NA,NA,NA,NA,NA,NA,NA,NA,0,0,0,NA,"FALSE",NA,NA,NA,NA,NA,NA,NA,NA,NA,"",16.61,80.85,"78.89","Mus musculus","16-09-17",NA,NA,"35",NA,NA,NA,NA,NA,0,0,0,0,0,"Niewisch 25, 15848 Friedland, Germany","adult","Czech",NA,NA,0.0028,0.0051,0.0079,"0",0,"0.56","FALSE",FALSE,0,0,0,0,0,0,0,0,0,0.639714007036389,"14.2272 52.0753",119196
"AA_0447","HZ_BR","KLEINB28","F",14.2725,52.6825,2017,"m",NA,"mm","mm","mm",NA,"mm","mm","100","95","125","120","70/90","80","mm","mm","mm","mm","mm","mm","HI 12",1,"Germany",NA,NA,NA,NA,NA,NA,NA,"17/09/17",NA,NA,NA,NA,NA,NA,NA,NA,NA,NA,NA,NA,NA,NA,NA,NA,NA,NA,0,0,0,NA,"TRUE",NA,NA,NA,NA,NA,NA,NA,NA,NA,"",6.22,56.63,"48.94","Mus musculus","16-09-17",NA,NA,"0.01",NA,NA,NA,NA,NA,0,0,0,0,0,"Kleinbarmim 28 15320 Alt-Barmim",NA,"German",NA,NA,NA,NA,NA,NA,NA,"0.2","TRUE",FALSE,0,0,0,0,0,0,0,0,0,0.452806218651897,"14.2725 52.6825",256250
"AA_0465","HZ_BR","MILD1","M",13.3047,52.9936,2017,NA,NA,NA,NA,NA,NA,NA,NA,"94","100","100","100","100","80/100","dd","dd","dd","dd","dd","dm","HI 6",0.083333333,"Germany",NA,NA,NA,NA,NA,NA,NA,"18/09/17",NA,NA,NA,NA,NA,NA,NA,NA,NA,NA,NA,NA,NA,NA,NA,NA,NA,NA,0,3,1,NA,"TRUE",NA,NA,NA,NA,NA,NA,NA,NA,NA,"white spot on belly",16.78,80.95,"84.11","Mus musculus","17-09-17",NA,NA,"0.0376",NA,"0.0234",0.2007,NA,NA,0,0,0,0,0,"Mildenberger Str. 1, 16792 Zehdenick, Germany","adult","Czech",0.0715,0.0727,NA,NA,NA,NA,NA,"0.38","TRUE",TRUE,0,0,0,0,0,3,1,0,0,0.641851556079567,"13.3047 52.9936",2303
"AA_0466","HZ_BR","MILD1","F",13.3047,52.9936,2017,NA,NA,NA,NA,NA,NA,NA,NA,"94","100","100","100","100","100","dd","dd","dd","dd","dd","dd","HI 6",0,"Germany",NA,NA,NA,NA,NA,NA,NA,"18/09/17",NA,NA,NA,NA,NA,NA,NA,NA,NA,NA,NA,NA,NA,NA,NA,NA,NA,NA,0,0,2,NA,"FALSE",NA,NA,NA,NA,NA,NA,NA,NA,NA,"",13.1,74.57,"84.07","Mus musculus","17-09-17",NA,NA,"0.0808",NA,NA,NA,NA,NA,0,0,0,0,0,"Mildenberger Str. 1, 16792 Zehdenick, Germany","adult","Czech",NA,NA,0.0014,0.0022,0.0036,"0",0,"0.53","FALSE",TRUE,0,0,0,0,0,0,2,0,0,0.596653150589393,"13.3047 52.9936",0
"AA_0469","HZ_BR","LUBB18","F",13.925,51.9447,2017,"d",NA,"mm","mm","dd",NA,"mm","mm","100","100","125","120","100","80","mm","dd","mm","mm","dd","mm","HI 12",0.695652174,"Germany",NA,NA,NA,NA,NA,NA,NA,"28/09/2017",NA,NA,NA,NA,NA,NA,NA,NA,NA,NA,NA,NA,NA,NA,NA,NA,NA,NA,0,0,0,NA,"FALSE",NA,NA,NA,NA,NA,NA,NA,NA,NA,"",12.73,82,"70","Mus musculus","27-09-20",NA,NA,"21",NA,NA,NA,NA,NA,0,0,0,0,0,"Three Oak ranch","adult","German",NA,NA,NA,NA,NA,"0",0,"0.444","FALSE",FALSE,0,0,0,0,0,0,0,0,0,0.577291465561061,"13.925 51.9447",147443
"AA_0509","HZ_BR","GROSBEB","M",12.3881,53.6394,2017,"d","m","m","m","m",NA,NA,NA,"94","95","125","120","70","80","dd","mm","mm","mm","mm","mm","HI 11",0.823529412,"Germany",NA,NA,NA,NA,NA,NA,NA,"06/10/17",NA,NA,NA,NA,NA,NA,NA,NA,NA,NA,NA,NA,NA,NA,NA,NA,NA,NA,0,3,0,NA,"FALSE",NA,NA,NA,NA,NA,NA,NA,NA,NA,"",13.77,76,NA,"Mus musculus","5-10-17",NA,NA,"73",NA,NA,NA,NA,NA,0,0,0,0,0,"gross b?belin dorfstrasse 18295","adult","German",NA,NA,NA,NA,NA,NA,NA,"0.155","FALSE",TRUE,0,0,0,0,0,3,0,0,0,0.605553865056761,"12.3881 53.6394",0
"SK_3093","HZ_BR","JOACHS10","M",13.7414,52.9753,2015,"d","m","m","m","m","d","m","m","100","95","125","120","70/90","100","mm","mm","mm","mm","mm","dd","HI 14",0.8,"Germany","Joachimstahl 10","SK",NA,"10/5/15","1M","Dissection",NA,"10/6/15",1,NA,NA,NA,0.0571,0.0742,0.0765,0.0754,0.0187,0.1423,NA,NA,NA,NA,NA,NA,NA,"A",0,0,0,0,NA,NA,"m",NA,NA,1711,NA,NA,13.741,52.9752777778,NA,16.32,80.7,"79.4",NA,NA,NA,NA,NA,NA,NA,NA,NA,NA,NA,NA,NA,NA,NA,NA,NA,NA,NA,NA,NA,NA,NA,NA,NA,NA,NA,NA,NA,NA,NA,NA,0,0,0,NA,NA,0.63597303771621,"13.7414 52.9753",0
"SK_3094","HZ_BR","JOACHS10","F",13.7414,52.9753,2015,"d",NA,"mm","mm","mm","dd","mm","mm","100","95","125","120","90/100","100","mm","mm","mm","mm","dm","dd","HI 13",0.76,"Germany","Joachimstahl 10","SK",NA,"10/5/15","1F","Dissection",NA,"10/6/15",1,NA,NA,NA,0.0488,NA,NA,NA,NA,NA,NA,0.0104,"B+",NA,NA,NA,NA,"A",0,1,0,0,NA,NA,NA,NA,NA,1712,NA,NA,13.741,52.9752777778,NA,13.91,73.9,"77.6",NA,NA,NA,NA,NA,NA,NA,NA,NA,NA,NA,NA,NA,NA,NA,NA,NA,NA,NA,NA,NA,NA,NA,NA,NA,NA,NA,NA,NA,NA,NA,NA,0,1,0,NA,NA,0.611848410805305,"13.7414 52.9753",0
"SK_3095","HZ_BR","ALTM29","M",14.1625,52.7508,2015,"d","m","m","m","m","m","d","m","100","95","125","120","90/100","80","mm","mm","mm","mm","dm","mm","HI 14",0.85,"Germany","Altmädewitz 29","SK",NA,"10/6/15","1M","Dissection",NA,"10/7/15",1,NA,NA,NA,0.0284,0.0693,0.0699,0.0696,0.0198,0.1083,NA,NA,NA,NA,NA,NA,NA,"A",0,0,0,0,NA,NA,"m",NA,NA,7,NA,NA,14.163,52.7508333333,NA,16.25,76.2,"77.1",NA,NA,NA,NA,NA,NA,NA,NA,NA,NA,NA,NA,NA,NA,NA,NA,NA,NA,NA,NA,NA,NA,NA,NA,NA,NA,NA,NA,NA,NA,NA,NA,0,0,0,NA,NA,0.643401879298415,"14.1625 52.7508",0
"SK_3096","HZ_BR","ALTR39","M",14.0817,52.7667,2015,"d","m","m","m","m","m","m","m","100","95","125","120","70/90","100","mm","mm","mm","mm","mm","dd","HI 14",0.85,"Germany","Altranft 39","SK",NA,"10/6/15","1M","Dissection",NA,"10/7/15",1,NA,NA,NA,0.0446,0.056,0.0581,0.0571,0.0118,0.0318,NA,NA,NA,NA,NA,NA,NA,"A",0,0,0,0,NA,NA,"m",NA,NA,8,NA,NA,13.876,52.6052777778,NA,13.53,71.6,"70.3",NA,NA,NA,NA,NA,NA,NA,NA,NA,NA,NA,NA,NA,NA,NA,NA,NA,NA,NA,NA,NA,NA,NA,NA,NA,NA,NA,NA,NA,NA,NA,NA,0,0,0,NA,NA,0.609892638087191,"14.0817 52.7667",0
"SK_3097","HZ_BR","HAMMER8","F",13.4383,52.8803,2015,"d",NA,"dd","dd","dd","dd","dd","dd","94","100","100","100","100","100","dd","dd","dd","dd","dd","dd","HI 13",0,"Germany","Hammer 8","SK",NA,"10/6/15","1F","Dissection",NA,"10/7/15",1,NA,NA,NA,0.0616,NA,NA,NA,NA,NA,NA,0.0125,"B+",4,NA,NA,NA,"A",0,20,0,0,NA,NA,NA,NA,NA,1212,NA,NA,13.438,52.8802777778,NA,24.14,87.8,"93.5",NA,NA,NA,NA,NA,NA,NA,NA,NA,NA,NA,NA,NA,NA,NA,NA,NA,NA,NA,NA,NA,NA,NA,NA,NA,NA,NA,NA,NA,NA,NA,NA,0,20,0,NA,NA,0.711469599962656,"13.4383 52.8803",0
"SK_3098","HZ_BR","LETS38","M",14.3217,52.6506,2015,"d","m","m","m","m","m","m","m","94","95","125","100","70/100","80","dd","mm","mm","dd","dm","mm","HI 14",0.7,"Germany","Letschin 38","SK",NA,"10/6/15","1M","Dissection",NA,"10/7/15",1,NA,NA,NA,0.0228,0.0472,0.0523,0.0498,0.0093,0.0101,NA,NA,NA,NA,NA,NA,NA,"A",0,0,0,0,NA,NA,"m",NA,NA,2389,NA,NA,14.322,52.6505555556,NA,10.91,67.6,"61.9",NA,NA,NA,NA,NA,NA,NA,NA,NA,NA,NA,NA,NA,NA,NA,NA,NA,NA,NA,NA,NA,NA,NA,NA,NA,NA,NA,NA,NA,NA,NA,NA,0,0,0,NA,NA,0.567133869467333,"14.3217 52.6506",0
"SK_3099","HZ_BR","HAMMER18","F",13.4411,52.8758,2015,"d",NA,"dd","dd","dd","dd","dd","dm","94","100","100","100","100","100","dd","dd","dd","dd","dd","dd","HI 13",0.04,"Germany","Hammer 18","SK",NA,"10/6/15","1F","Dissection",NA,"10/7/15",1,NA,NA,NA,0.0361,NA,NA,NA,NA,NA,NA,0.0029,"B-",NA,NA,NA,NA,"A",12,0,0,0,NA,NA,NA,NA,NA,1211,NA,NA,13.441,52.8758333333,NA,14.56,77.4,"82.4",NA,NA,NA,NA,NA,NA,NA,NA,NA,NA,NA,NA,NA,NA,NA,NA,NA,NA,NA,NA,NA,NA,NA,NA,NA,NA,NA,NA,NA,NA,NA,NA,0,12,0,NA,NA,0.615839545596801,"13.4411 52.8758",0
"SK_3100","HZ_BR","MILMC47","F",13.595,53.1158,2015,"m",NA,"mm","mm","mm","dd","mm","dm","100","95","100/125","120","90","80","mm","mm","dm","mm","mm","mm","HI 13",0.84,"Germany","Milmersdorfer Chaussee 47","SK",NA,"10/6/15","1F","Dissection",NA,"10/7/15",1,NA,NA,NA,0.038,NA,NA,NA,NA,NA,NA,0.0061,"B-",NA,NA,NA,NA,"A",0,1,0,0,NA,NA,NA,NA,NA,2747,NA,NA,13.595,53.1158333333,NA,15.63,76.6,"81.6",NA,NA,NA,NA,NA,NA,NA,NA,NA,NA,NA,NA,NA,NA,NA,NA,NA,NA,NA,NA,NA,NA,NA,NA,NA,NA,NA,NA,NA,NA,NA,NA,0,1,0,NA,NA,0.633659244175531,"13.595 53.1158",0
"SK_3103","HZ_BR","STORK17","M",13.4458,53.0478,2015,"d","m","m","m","m","d","m","m","94","95/100","100/125","120","100","100","dd","dm","dm","mm","dd","dd","HI 14",0.5,"Germany","Storkow 17","SK",NA,"10/7/15","1M","Dissection",NA,"10/8/15",1,NA,NA,NA,0.0311,0.0619,0.065,0.0635,0.016,0.0916,NA,NA,NA,NA,NA,NA,NA,"A",0,0,1,0,NA,NA,"m",NA,NA,4523,NA,NA,13.446,53.0477777778,NA,16.53,76,"70.1",NA,NA,NA,NA,NA,NA,NA,NA,NA,NA,NA,NA,NA,NA,NA,NA,NA,NA,NA,NA,NA,NA,NA,NA,NA,NA,NA,NA,NA,NA,NA,NA,0,0,1,NA,NA,0.647737159371596,"13.4458 53.0478",0
"SK_3104","HZ_BR","NEUG21","M",14.1206,52.7547,2015,"d","m","m","m","m","m","m","m","100","100","125","120","70/90","80","mm","dd","mm","mm","mm","mm","HI 14",0.85,"Germany","Neugaul 21","SK",NA,"10/7/15","1M","Dissection",NA,"10/8/15",1,NA,NA,NA,0.0327,0.0907,0.0888,0.0898,0.0269,0.2089,NA,NA,NA,NA,NA,NA,NA,"A",0,0,0,0,NA,NA,NA,NA,NA,3222,NA,NA,14.1205555556,52.7547222222,NA,20.46,84,"73.4",NA,NA,NA,NA,NA,NA,NA,NA,NA,NA,NA,NA,NA,NA,NA,NA,NA,NA,NA,NA,NA,NA,NA,NA,NA,NA,NA,NA,NA,NA,NA,NA,0,0,0,NA,NA,0.681244993318493,"14.1206 52.7547",0
"SK_3105","HZ_BR","ALBER4","F",13.4542,53.1478,2015,"m",NA,"mm","mm","mm","dd","mm","mm","100","95","125","120","90/100","80","mm","mm","mm","mm","dm","mm","HI 13",0.88,"Germany","Albertshof 4","SK",NA,"10/7/15","1F","Dissection",NA,"10/8/15",1,NA,NA,NA,0.0471,NA,NA,NA,NA,NA,NA,0.0095,"B-",NA,NA,NA,NA,"A",0,0,0,0,NA,NA,NA,NA,NA,6,NA,NA,13.454,53.1477777778,NA,17.81,85,"75",NA,NA,NA,NA,NA,NA,NA,NA,NA,NA,NA,NA,NA,NA,NA,NA,NA,NA,NA,NA,NA,NA,NA,NA,NA,NA,NA,NA,NA,NA,NA,NA,0,0,0,NA,NA,0.648207552437184,"13.4542 53.1478",0
"SK_3106","HZ_BR","STORK17","F",13.4458,53.0478,2015,"d",NA,"mm","mm","mm","dd","mm","mm","100","95","100","120","90","80","mm","mm","dd","mm","mm","mm","HI 13",0.8,"Germany","Storkow 17","SK",NA,"10/7/15","1F","Dissection",NA,"10/8/15",1,NA,NA,NA,0.0444,NA,NA,NA,NA,NA,NA,0.013,"B-",NA,NA,NA,NA,"A",3,100,0,0,NA,NA,NA,NA,NA,4524,NA,NA,13.446,53.0477777778,NA,18.26,89.2,"77.9",NA,NA,NA,NA,NA,NA,NA,NA,NA,NA,NA,NA,NA,NA,NA,NA,NA,NA,NA,NA,NA,NA,NA,NA,NA,NA,NA,NA,NA,NA,NA,NA,0,103,0,NA,NA,0.64680245358595,"13.4458 53.0478",0
"SK_3107","HZ_BR","ZEHL1","M",13.3994,52.7969,2015,"d","d","d","d","d","d","d","d","94","100","100","100","100","100","dd","dd","dd","dd","dd","dd","HI 14",0,"Germany","Zehlendorf 1","SK",NA,"10/7/15","1M","Dissection",NA,"10/8/15",1,NA,NA,NA,0.0266,0.0768,0.0765,0.0767,0.0237,0.1446,NA,NA,NA,NA,NA,NA,NA,"A",6,0,0,0,NA,NA,"d",NA,NA,5303,NA,NA,13.399,52.7969444444,NA,16.11,75.8,"86.3",NA,NA,NA,NA,NA,NA,NA,NA,NA,NA,NA,NA,NA,NA,NA,NA,NA,NA,NA,NA,NA,NA,NA,NA,NA,NA,NA,NA,NA,NA,NA,NA,0,6,0,NA,NA,0.642185091292871,"13.3994 52.7969",0
"SK_3108","HZ_BR","NEUG21","F",14.1206,52.7547,2015,"d",NA,"mm","mm","mm","dd","mm","mm","100","95","125","120","90/100","80","mm","mm","mm","mm","dm","mm","HI 13",0.84,"Germany","Neugaul 21","SK",NA,"10/7/15","1F","Dissection",NA,"10/8/15",1,NA,NA,NA,0.0494,NA,NA,NA,NA,NA,NA,0.0158,"B+",5,NA,NA,NA,"A",5,0,0,0,NA,NA,NA,NA,NA,3225,NA,NA,14.1205555556,52.7547222222,NA,19.03,86.5,"83.9",NA,NA,NA,NA,NA,NA,NA,NA,NA,NA,NA,NA,NA,NA,NA,NA,NA,NA,NA,NA,NA,NA,NA,NA,NA,NA,NA,NA,NA,NA,NA,NA,0,5,0,NA,NA,0.66052046927042,"14.1206 52.7547",0
"SK_3109","HZ_BR","SCHIFF29","F",14.0569,52.8092,2015,"d",NA,"mm","mm","mm","mm","mm","mm","100","95","125","120","90","100","mm","mm","mm","mm","mm","dd","HI 13",0.88,"Germany","Schiffmühle 29","SK",NA,"10/7/15","1F","Dissection",NA,"10/8/15",1,NA,NA,NA,0.0235,NA,NA,NA,NA,NA,NA,0.0018,"B-",NA,NA,NA,NA,"A",0,0,0,0,NA,NA,NA,NA,NA,4343,NA,NA,14.0569444444,52.8091666667,NA,8.64,61.2,"63.1",NA,NA,NA,NA,NA,NA,NA,NA,NA,NA,NA,NA,NA,NA,NA,NA,NA,NA,NA,NA,NA,NA,NA,NA,NA,NA,NA,NA,NA,NA,NA,NA,0,0,0,NA,NA,0.524143275260031,"14.0569 52.8092",0
"SK_3110","HZ_BR","GIEL68","M",13.8756,52.6053,2015,"m","m","m","m","m","d","m","m","100","95/100","125","120","90","80","mm","dm","mm","mm","mm","mm","HI 14",0.9,"Germany","Gielsdorf 68","SK",NA,"10/7/15","1M","Dissection",NA,"10/8/15",1,NA,NA,NA,0.0369,0.0481,0.0508,0.0495,0.0067,0.0083,NA,NA,NA,NA,NA,NA,NA,"A",0,0,0,0,NA,NA,"m",NA,NA,1109,NA,NA,13.876,52.6052777778,NA,9.8,63.8,"67.7",NA,NA,NA,NA,NA,NA,NA,NA,NA,NA,NA,NA,NA,NA,NA,NA,NA,NA,NA,NA,NA,NA,NA,NA,NA,NA,NA,NA,NA,NA,NA,NA,0,0,0,NA,NA,0.549210282982155,"13.8756 52.6053",0
"SK_3112","HZ_BR","GIEL68","F",13.8756,52.6053,2015,"m",NA,"mm","mm","mm","dd","mm","dm","100","95","125","120","90","80","mm","mm","mm","mm","mm","mm","HI 13",0.88,"Germany","Gielsdorf 68","SK",NA,"10/7/15","1F","Dissection",NA,"10/8/15",1,NA,NA,NA,0.0586,NA,NA,NA,NA,NA,NA,0.0062,"B-",NA,NA,NA,NA,"A",0,0,0,0,NA,NA,NA,NA,NA,1121,NA,NA,13.876,52.6052777778,NA,16.36,78.8,"76.3",NA,NA,NA,NA,NA,NA,NA,NA,NA,NA,NA,NA,NA,NA,NA,NA,NA,NA,NA,NA,NA,NA,NA,NA,NA,NA,NA,NA,NA,NA,NA,NA,0,0,0,NA,NA,0.640003437939285,"13.8756 52.6053",0
"SK_3120","HZ_BR","HOHW30","F",14.1189,52.8367,2015,"d",NA,"mm","mm","mm","mm","mm","mm","100","95","125","120","70/90",NA,"mm","mm","mm","mm","mm",NA,"HI 12",0.956521739,"Germany","Hohenwutzen 30","SK",NA,"10/8/15","1F","Dissection",NA,"10/8/15",0,NA,NA,NA,0.0392,NA,NA,NA,NA,NA,NA,0.009,"B+",3,NA,NA,NA,"A",0,0,0,0,NA,NA,NA,NA,NA,1441,NA,NA,14.119,52.8366666667,NA,16.72,75.6,"70.3",NA,NA,NA,NA,NA,NA,NA,NA,NA,NA,NA,NA,NA,NA,NA,NA,NA,NA,NA,NA,NA,NA,NA,NA,NA,NA,NA,NA,NA,NA,NA,NA,0,0,0,NA,NA,0.651169593045167,"14.1189 52.8367",0
"SK_3122","HZ_BR","DANE22","M",13.6664,52.7339,2015,"d","d","d","d","d","d","d","d","94","95/100","100","100","100","100","dd","dm","dd","dd","dd","dd","HI 14",0.05,"Germany","Danewitz 22","SK",NA,"10/8/15","1M","Dissection",NA,"10/9/15",1,NA,NA,NA,0.0431,0.0685,0.0685,0.0685,0.0217,0.0829,NA,NA,NA,NA,NA,NA,NA,"A",0,3,0,0,NA,NA,NA,NA,NA,679,NA,NA,13.666,52.7338888889,NA,18.88,79.1,"85.1",NA,NA,NA,NA,NA,NA,NA,NA,NA,NA,NA,NA,NA,NA,NA,NA,NA,NA,NA,NA,NA,NA,NA,NA,NA,NA,NA,NA,NA,NA,NA,NA,0,3,0,NA,NA,0.672225159807493,"13.6664 52.7339",0
"SK_3124","HZ_BR","DANE22","F",13.6664,52.7339,2015,"d",NA,"dd","dm","dd","dd","dd","dd","94","100","100","100","100","100","dd","dd","dd","dd","dd","dd","HI 13",0.04,"Germany","Danewitz 22","SK",NA,"10/8/15","1F","Dissection",NA,"10/9/15",1,NA,NA,NA,0.0477,NA,NA,NA,NA,NA,NA,0.0074,"B+",NA,NA,NA,NA,"A",0,0,0,0,NA,NA,NA,NA,NA,688,NA,NA,13.666,52.7338888889,NA,17.74,80.2,"83.6",NA,NA,NA,NA,NA,NA,NA,NA,NA,NA,NA,NA,NA,NA,NA,NA,NA,NA,NA,NA,NA,NA,NA,NA,NA,NA,NA,NA,NA,NA,NA,NA,0,0,0,NA,NA,0.655902965767326,"13.6664 52.7339",0
"SK_3134","HZ_BR","HENN7","M",13.8517,52.5142,2015,"d","m","m","m","d","d","d","m","94","95","100/125","100/120","90/100","80/100","dd","mm","dm","dm","dm","dm","HI 14",0.5,"Germany","Torfhaus","SK",NA,"10/8/15","1M","Dissection",NA,"10/9/15",1,NA,NA,NA,0.0188,0.0848,0.0871,0.086,0.0258,0.1391,NA,NA,NA,NA,NA,NA,NA,"A",14,0,0,0,NA,NA,"m",NA,NA,1262,NA,NA,NA,NA,NA,15.75,80.4,"76.6",NA,NA,NA,NA,NA,NA,NA,NA,NA,NA,NA,NA,NA,NA,NA,NA,NA,NA,NA,NA,NA,NA,NA,NA,NA,NA,NA,NA,NA,NA,NA,NA,0,14,0,NA,NA,0.628409267569104,"13.8517 52.5142",0
"SK_3135","HZ_BR","SCHIFF29","M",14.0569,52.8092,2015,"d","m","m","m","m","m","m","m","100","95","125","120","70","100","mm","mm","mm","mm","mm","dd","HI 14",0.85,"Germany","Schiffmühle 29","SK",NA,"10/8/15","1M","Dissection",NA,"10/9/15",1,NA,NA,NA,0.0298,0.0496,0.0559,0.0528,0.0183,0.1296,NA,NA,NA,NA,NA,NA,NA,"A",0,0,0,0,NA,NA,"m",NA,NA,4341,NA,NA,14.0569444444,52.8091666667,NA,16.99,78.7,"75.8",NA,NA,NA,NA,NA,NA,NA,NA,NA,NA,NA,NA,NA,NA,NA,NA,NA,NA,NA,NA,NA,NA,NA,NA,NA,NA,NA,NA,NA,NA,NA,NA,0,0,0,NA,NA,0.648844817324321,"14.0569 52.8092",0
"SK_3136","HZ_BR","MADL11","F",14.3106,52.3789,2015,"d",NA,"mm","mm","mm","mm","mm","mm","100","95","125","120","100","80","mm","mm","mm","mm","dd","mm","HI 13",0.88,"Germany","Madlitz 11","SK",NA,"10/8/15","1F","Dissection",NA,"10/9/15",1,NA,NA,NA,0.0223,NA,NA,NA,NA,NA,NA,0.0042,"B-",NA,NA,NA,NA,"A",0,0,0,0,NA,NA,NA,NA,NA,2672,NA,NA,14.3105555556,52.3788888889,NA,17.33,86,"81.2",NA,NA,NA,NA,NA,NA,NA,NA,NA,NA,NA,NA,NA,NA,NA,NA,NA,NA,NA,NA,NA,NA,NA,NA,NA,NA,NA,NA,NA,NA,NA,NA,0,0,0,NA,NA,0.640371958901064,"14.3106 52.3789",0
"SK_3138","HZ_BR","ORTB7","M",13.7586,53.1406,2015,"d","m","m","m",NA,"d","m","m","100","95","125","120","90","80","mm","mm","mm","mm","mm","mm","HI 13",0.894736842,"Germany","Ort Berkenlatten 7","SK",NA,"10/8/15","1M","Dissection",NA,"10/9/15",1,NA,NA,NA,0.0348,0.0753,0.0788,0.0771,0.021,0.136,NA,NA,NA,NA,NA,NA,NA,"A",0,0,1,0,NA,NA,"m",NA,NA,3599,NA,NA,13.759,53.1405555556,NA,15.88,77,"77.5",NA,NA,NA,NA,NA,NA,NA,NA,NA,NA,NA,NA,NA,NA,NA,NA,NA,NA,NA,NA,NA,NA,NA,NA,NA,NA,NA,NA,NA,NA,NA,NA,0,0,1,NA,NA,0.636552558709921,"13.7586 53.1406",0
"SK_3140","HZ_BR","ORTB7","F",13.7586,53.1406,2015,"d",NA,"mm","mm","mm","dd","mm","mm","100","95","125","120","70","80","mm","mm","mm","mm","mm","mm","HI 13",0.88,"Germany","Ort Berkenlatten 7","SK",NA,"10/8/15","1F","Dissection",NA,"10/9/15",1,NA,NA,NA,0.0459,NA,NA,NA,NA,NA,NA,0.0092,"B-",NA,NA,NA,NA,"A",9,0,0,0,NA,NA,NA,NA,NA,3604,NA,NA,13.759,53.1405555556,NA,14.86,78,"78",NA,NA,NA,NA,NA,NA,NA,NA,NA,NA,NA,NA,NA,NA,NA,NA,NA,NA,NA,NA,NA,NA,NA,NA,NA,NA,NA,NA,NA,NA,NA,NA,0,9,0,NA,NA,0.619429286335892,"13.7586 53.1406",0
"SK_3142","HZ_BR","HAMMEL","M",13.4286,53.0689,2015,"d","m","m","m","m","d","m","m","100","95","100/125","120","90","80","mm","mm","dm","mm","mm","mm","HI 14",0.85,"Germany","Hammelspring 6","SK",NA,"10/8/15","1M","Dissection",NA,"10/9/15",1,NA,NA,NA,0.0261,0.0598,0.0602,0.06,0.0187,0.0995,NA,NA,NA,NA,NA,NA,NA,"A",0,0,57,0,NA,NA,"m",NA,NA,1203,NA,NA,13.429,53.0688888889,NA,17.65,85.8,"81.6",NA,NA,NA,NA,NA,NA,NA,NA,NA,NA,NA,NA,NA,NA,NA,NA,NA,NA,NA,NA,NA,NA,NA,NA,NA,NA,NA,NA,NA,NA,NA,NA,0,0,57,NA,NA,0.644816605497847,"13.4286 53.0689",0
"SK_3144","HZ_BR","HAMMEL","F",13.4286,53.0689,2015,"d",NA,"mm","mm","mm","dd","mm","dm","100","95","100","120","90","80","mm","mm","dd","mm","mm","mm","HI 13",0.76,"Germany","Hammelspring 6","SK",NA,"10/8/15","1F","Dissection",NA,"10/9/15",1,NA,NA,NA,0.0405,NA,NA,NA,NA,NA,NA,0.0106,"B-",NA,NA,NA,NA,"A",0,0,75,0,NA,NA,NA,NA,NA,1205,NA,NA,13.429,53.0688888889,NA,17.25,81.3,NA,NA,NA,NA,NA,NA,NA,NA,NA,NA,NA,NA,NA,NA,NA,NA,NA,NA,NA,NA,NA,NA,NA,NA,NA,NA,NA,NA,NA,NA,NA,NA,NA,0,0,75,NA,NA,0.647502864333917,"13.4286 53.0689",0
"SK_3146","HZ_BR","NEUM39","M",14.1611,52.7408,2015,"d","m","m","m","m","m","m","m","100","95","125","120","100","80","mm","mm","mm","mm","dd","mm","HI 14",0.85,"Germany","Neumädewitz 39","SK",NA,"10/8/15","1M","Dissection",NA,"10/9/15",1,NA,NA,NA,0.0208,0.0538,0.0505,0.0522,0.0101,0.0145,NA,NA,NA,NA,NA,NA,NA,"A",0,0,0,0,NA,NA,"m",NA,NA,3249,NA,NA,14.161,52.7408333333,NA,12.4,70.2,"62.9",NA,NA,NA,NA,NA,NA,NA,NA,NA,NA,NA,NA,NA,NA,NA,NA,NA,NA,NA,NA,NA,NA,NA,NA,NA,NA,NA,NA,NA,NA,NA,NA,0,0,0,NA,NA,0.592211291198572,"14.1611 52.7408",0
"SK_3148","HZ_BR","PAPP1","F",13.6506,53.2108,2015,"d",NA,"mm","mm","mm","dd","mm","mm","100","95","155","120","100","80","mm","mm","mm","mm","dd","mm","HI 13",0.8,"Germany","Pappelwerder 1","SK",NA,"10/8/15","1F","Dissection",NA,"10/9/15",1,NA,NA,NA,0.0223,NA,NA,NA,NA,NA,NA,0.0063,"B-",NA,NA,NA,NA,"A",0,0,0,0,NA,NA,NA,NA,NA,3639,NA,NA,13.651,53.2108333333,NA,13.42,77.3,"77.1",NA,NA,NA,NA,NA,NA,NA,NA,NA,NA,NA,NA,NA,NA,NA,NA,NA,NA,NA,NA,NA,NA,NA,NA,NA,NA,NA,NA,NA,NA,NA,NA,0,0,0,NA,NA,0.597269761410594,"13.6506 53.2108",0
"SK_3150","HZ_BR","ZEHL1","F",13.3994,52.7969,2015,"d",NA,"dd","dd","dd","dd","dd","dd","94","100","100","100","100","100","dd","dd","dd","dd","dd","dd","HI 13",0,"Germany","Zehlendorf 1","SK",NA,"10/8/15","1F","Dissection",NA,"10/9/15",1,NA,NA,NA,0.0296,NA,NA,NA,NA,NA,NA,0.0082,"B-",NA,NA,NA,NA,"A",8,107,0,0,NA,NA,NA,NA,NA,5308,NA,NA,13.399,52.7969444444,NA,13.94,72.4,"83.1",NA,NA,NA,NA,NA,NA,NA,NA,NA,NA,NA,NA,NA,NA,NA,NA,NA,NA,NA,NA,NA,NA,NA,NA,NA,NA,NA,NA,NA,NA,NA,NA,0,115,0,NA,NA,0.615281521048314,"13.3994 52.7969",2451
"SK_3151","HZ_BR","LIEB38","M",13.4636,52.9156,2015,"d","d","d","d","d","d","d","d","94","95/100","100","100","90/100","100","dd","dm","dd","dd","dm","dd","HI 14",0.1,"Germany","Liebenthal","SK",NA,"10/9/15","1M","Dissection",NA,"10/10/15",1,NA,NA,NA,0.0243,0.084,0.0853,0.0847,0.0296,0.1655,NA,NA,NA,NA,NA,NA,NA,"A",0,25,0,0,NA,NA,"d",NA,NA,2448,NA,NA,13.464,52.9155555556,NA,15.18,76.4,"87.7",NA,NA,NA,NA,NA,NA,NA,NA,NA,NA,NA,NA,NA,NA,NA,NA,NA,NA,NA,NA,NA,NA,NA,NA,NA,NA,NA,NA,NA,NA,NA,NA,0,25,0,NA,NA,0.627303880702408,"13.4636 52.9156",108108
"SK_3152","HZ_BR","NEULO9","F",13.1972,52.9008,2015,"d",NA,"dd","dd","dd","dd","dd","dd","94/100","95","125","100/120","100","80","dm","mm","mm","dm","dd","mm","HI 13",0.32,"Germany","Neulöwenberg","SK",NA,"10/9/15","1F","Dissection",NA,"10/10/15",1,NA,NA,NA,0.0259,NA,NA,NA,NA,NA,NA,0.0045,"B-",NA,NA,NA,NA,"A",0,0,0,0,NA,NA,NA,NA,NA,3246,NA,NA,13.197,52.9008333333,NA,13.48,73.7,"83.3",NA,NA,NA,NA,NA,NA,NA,NA,NA,NA,NA,NA,NA,NA,NA,NA,NA,NA,NA,NA,NA,NA,NA,NA,NA,NA,NA,NA,NA,NA,NA,NA,0,0,0,NA,NA,0.604931491200646,"13.1972 52.9008",0
"SK_3154","HZ_BR","SCHORF16","M",13.5472,52.9217,2015,"d","d","d","d","d","d","d","d","94","100","100","120","100","100","dd","dd","dd","mm","dd","dd","HI 14",0.1,"Germany","Schorfheide 16","SK",NA,"10/9/15","1M","Dissection",NA,"10/10/15",1,NA,NA,NA,0.0437,0.081,0.0836,0.0823,0.0241,0.1205,NA,NA,NA,NA,NA,NA,NA,"A",0,0,0,0,NA,NA,"d",NA,NA,4355,NA,NA,13.544,52.9227777778,NA,19.37,81.8,"75.5",NA,NA,NA,NA,NA,NA,NA,NA,NA,NA,NA,NA,NA,NA,NA,NA,NA,NA,NA,NA,NA,NA,NA,NA,NA,NA,NA,NA,NA,NA,NA,NA,0,0,0,NA,NA,0.672919826225685,"13.5472 52.9217",0
"SK_3156","HZ_BR","SCHORF16","F",13.5472,52.9217,2015,"d",NA,"dd","dd","dd","dd","dd","dd","94","100","100","120","100","80","dd","dd","dd","mm","dd","mm","HI 13",0.16,"Germany","Schorfheide 16","SK",NA,"10/9/15","1F","Dissection",NA,"10/10/15",1,NA,NA,NA,0.0417,NA,NA,NA,NA,NA,NA,0.006,"B -",NA,NA,NA,NA,"A",0,0,0,0,NA,NA,NA,NA,NA,4358,NA,NA,13.544,52.9227777778,NA,16.42,76.4,"94",NA,NA,NA,NA,NA,NA,NA,NA,NA,NA,NA,NA,NA,NA,NA,NA,NA,NA,NA,NA,NA,NA,NA,NA,NA,NA,NA,NA,NA,NA,NA,NA,0,0,0,NA,NA,0.645413116268803,"13.5472 52.9217",0
"SK_3159","HZ_BR","HOHST1","M",13.9858,52.5689,2015,"d","m","m","m","m","m","m","m","100","95","125","120","70/100","80","mm","mm","mm","mm","dm","mm","HI 14",0.9,"Germany","Hohenstein 1","SK",NA,"10/9/15","1M","Dissection",NA,"10/10/15",1,NA,NA,NA,0.0186,0.0672,0.0664,0.0668,0.0164,0.0786,NA,NA,NA,NA,NA,NA,NA,"A",15,0,0,0,NA,NA,"m",NA,NA,1349,NA,NA,13.986,52.5688888889,NA,13.7,77.9,"72.4",NA,NA,NA,NA,NA,NA,NA,NA,NA,NA,NA,NA,NA,NA,NA,NA,NA,NA,NA,NA,NA,NA,NA,NA,NA,NA,NA,NA,NA,NA,NA,NA,0,15,0,NA,NA,0.600950598438098,"13.9858 52.5689",0
"SK_3160","HZ_BR","NEUM39","F",14.1611,52.7408,2015,"d",NA,"mm","mm","mm","mm","dm","mm","100","95","125","120","70/90","80","mm","mm","mm","mm","mm","mm","HI 13",0.92,"Germany","Neumädewitz 39","SK",NA,"10/9/15","1F","Dissection",NA,"10/10/15",1,NA,NA,NA,0.0208,NA,NA,NA,NA,NA,NA,NA,"B+",NA,NA,NA,NA,"A",0,4,0,0,NA,NA,NA,NA,NA,3250,NA,NA,14.161,52.7408333333,NA,12.26,76.3,"70.8",NA,NA,NA,NA,NA,NA,NA,NA,NA,NA,NA,NA,NA,NA,NA,NA,NA,NA,NA,NA,NA,NA,NA,NA,NA,NA,NA,NA,NA,NA,NA,NA,0,4,0,NA,NA,0.578207852400639,"14.1611 52.7408",0
"SK_3171","HZ_BR","LIEB38","F",13.4636,52.9156,2015,"d",NA,"dd","dm","dd","dd","dd","dd","94","95/100","100","100","100","100","dd","dm","dd","dd","dd","dd","HI 13",0.08,"Germany","Liebenthal","SK",NA,"10/10/15","1F","Dissection",NA,"10/11/15",1,NA,NA,NA,0.012,NA,NA,NA,NA,NA,NA,0.0023,"B-",NA,NA,NA,NA,"A",0,25,0,0,NA,NA,NA,NA,NA,2451,NA,NA,13.464,52.9155555556,NA,9.92,62.3,"73.7",NA,NA,NA,NA,NA,NA,NA,NA,NA,NA,NA,NA,NA,NA,NA,NA,NA,NA,NA,NA,NA,NA,NA,NA,NA,NA,NA,NA,NA,NA,NA,NA,0,25,0,NA,NA,0.555318088637816,"13.4636 52.9156",1366
"SK_3173","HZ_BR","DENS12","M",13.3775,53.145,2015,"d","m",NA,"m",NA,"d",NA,"m","100","100","125","120","100","100","mm","dd","mm","mm","dd","dd","HI 11",0.529411765,"Germany","Densow 12","SK",NA,"10/10/15","1M","Dissection",NA,"10/11/15",1,NA,NA,NA,0.042,0.0738,0.0728,0.0733,0.0195,0.0762,NA,NA,NA,NA,NA,NA,NA,"A",5,0,0,0,NA,NA,NA,NA,NA,NA,NA,NA,13.378,53.145,NA,17.12,78.9,"73.8",NA,NA,NA,NA,NA,NA,NA,NA,NA,NA,NA,NA,NA,NA,NA,NA,NA,NA,NA,NA,NA,NA,NA,NA,NA,NA,NA,NA,NA,NA,NA,NA,0,5,0,NA,NA,0.650212805412921,"13.3775 53.145",0
"SK_3176","HZ_BR","GOTTES","F",14.1833,52.6378,2015,"d",NA,"mm","mm","mm","mm","mm","mm","94","95","125","120","70/100","80","dd","mm","mm","mm","dm","mm","HI 13",0.84,"Germany","Gottesgabe 1","SK",NA,"10/10/15","1F","Dissection",NA,"10/11/15",1,NA,NA,NA,0.0381,NA,NA,NA,NA,NA,NA,0.0096,"B-",NA,NA,NA,NA,"A",0,0,0,0,NA,NA,NA,NA,NA,1141,NA,NA,14.183,52.6377777778,NA,15.81,81.3,"74.9",NA,NA,NA,NA,NA,NA,NA,NA,NA,NA,NA,NA,NA,NA,NA,NA,NA,NA,NA,NA,NA,NA,NA,NA,NA,NA,NA,NA,NA,NA,NA,NA,0,0,0,NA,NA,0.627683264910001,"14.1833 52.6378",0
"SK_3178","HZ_BR","STEG1","M",13.8433,53.1267,2015,"m","m","m","m","m","d","m","m","100","95/100","125","120","90","80","mm","dm","mm","mm","mm","mm","HI 14",0.9,"Germany","Stegelitz 1","SK",NA,"10/11/15","1M","Dissection",NA,"10/12/15",1,NA,NA,NA,0.0355,0.0707,0.0705,0.0706,0.0194,0.1366,NA,NA,NA,NA,NA,NA,NA,"A",30,0,0,0,NA,NA,"m",NA,NA,4491,NA,NA,13.843,53.1266666667,NA,16.23,83,"73.8",NA,NA,NA,NA,NA,NA,NA,NA,NA,NA,NA,NA,NA,NA,NA,NA,NA,NA,NA,NA,NA,NA,NA,NA,NA,NA,NA,NA,NA,NA,NA,NA,0,30,0,NA,NA,0.630677055110194,"13.8433 53.1267",0
"SK_3179","HZ_BR","STERNF2","M",13.9703,53.0039,2015,"d","m","m","m","d","d","m","m","100","95","100/125","100","100","80","mm","mm","dm","dd","dd","mm","HI 14",0.6,"Germany","Sternfelde 2","SK",NA,"10/11/15","1M","Dissection",NA,"10/12/15",1,NA,NA,NA,0.0303,0.0657,0.072,0.0689,0.0203,0.1802,NA,NA,NA,NA,NA,NA,NA,"A",0,27,0,0,NA,NA,"m",NA,NA,4508,NA,NA,13.97,53.0038888889,NA,17.1,79.5,"70.3",NA,NA,NA,NA,NA,NA,NA,NA,NA,NA,NA,NA,NA,NA,NA,NA,NA,NA,NA,NA,NA,NA,NA,NA,NA,NA,NA,NA,NA,NA,NA,NA,0,27,0,NA,NA,0.648819952628765,"13.9703 53.0039",0
"SK_3180","HZ_BR","STERNF2","F",13.9703,53.0039,2015,"d",NA,"mm","mm","mm","dd","mm","mm","100","95","125","100","90/100","80","mm","mm","mm","dd","dm","mm","HI 13",0.76,"Germany","Sternfelde 2","SK",NA,"10/11/15","1F","Dissection",NA,"10/12/15",1,NA,NA,NA,0.0285,NA,NA,NA,NA,NA,NA,0.0126,"B-",NA,NA,NA,NA,"A",0,44,0,0,NA,NA,NA,NA,NA,4511,NA,NA,13.97,53.0038888889,NA,22.6,88.6,"76.6",NA,NA,NA,NA,NA,NA,NA,NA,NA,NA,NA,NA,NA,NA,NA,NA,NA,NA,NA,NA,NA,NA,NA,NA,NA,NA,NA,NA,NA,NA,NA,NA,0,44,0,NA,NA,0.695329665871904,"13.9703 53.0039",0
"SK_3181","HZ_BR","DOBB8","M",14.0356,53.0203,2015,"d","m","m","m","m","d","m","m","100","95","125","120","90/100","80","mm","mm","mm","mm","dm","mm","HI 14",0.85,"Germany","Dobberzin 8","SK",NA,"10/11/15","1M","Dissection",NA,"10/12/15",1,NA,NA,NA,0.076,0.0192,0.0204,0.0198,0.0108,0.1219,NA,NA,NA,NA,NA,NA,NA,"A",10,2,0,0,NA,NA,"m",NA,NA,780,NA,NA,14.036,53.0202777778,NA,16.79,73.3,"61.7",NA,NA,NA,NA,NA,NA,NA,NA,NA,NA,NA,NA,NA,NA,NA,NA,NA,NA,NA,NA,NA,NA,NA,NA,NA,NA,NA,NA,NA,NA,NA,NA,0,12,0,NA,NA,0.656827025621328,"14.0356 53.0203",0
"SK_3183","HZ_BR","BRITZ2","M",13.8119,52.8875,2015,"d","m","m","m","m","d","m","m","100","95","125","100/120","90/100","100","mm","mm","mm","dm","dm","dd","HI 14",0.7,"Germany","Britz 2","SK",NA,"10/11/15","1M","Dissection",NA,"10/12/15",1,NA,NA,NA,0.0172,0.0687,0.0715,0.0701,0.0189,0.0832,NA,NA,NA,NA,NA,NA,NA,"A",0,0,0,0,NA,NA,"m",NA,NA,265,NA,NA,13.812,52.8875,NA,14.34,80.8,"74.9",NA,NA,NA,NA,NA,NA,NA,NA,NA,NA,NA,NA,NA,NA,NA,NA,NA,NA,NA,NA,NA,NA,NA,NA,NA,NA,NA,NA,NA,NA,NA,NA,0,0,0,NA,NA,0.606344900274745,"13.8119 52.8875",0
"SK_3184","HZ_BR","LINDE53","M",13.1278,52.8925,2015,"d","d","d","d","d","d","d","d","94/100","100","100","100/120","100","80","dm","dd","dd","dm","dd","mm","HI 14",0.2,"Germany","Linde 53","SK",NA,"10/11/15","1M","Dissection",NA,"10/12/15",1,NA,NA,NA,0.0248,0.0681,0.0691,0.0686,0.0137,0.0413,NA,NA,NA,NA,NA,NA,NA,"A",0,4,0,0,NA,NA,"d",NA,NA,2454,NA,NA,13.128,52.8925,NA,13.88,78.2,"75.3",NA,NA,NA,NA,NA,NA,NA,NA,NA,NA,NA,NA,NA,NA,NA,NA,NA,NA,NA,NA,NA,NA,NA,NA,NA,NA,NA,NA,NA,NA,NA,NA,0,4,0,NA,NA,0.603415059803942,"13.1278 52.8925",74405
"SK_3187","HZ_BR","ERKNKI","M",13.7581,52.3989,2015,"d","d","m","d","d","d","d","d","94","100","125","100","100","100","dd","dd","mm","dd","dd","dd","HI 14",0.15,"Germany","Erkner Kinderbauernhof","SK",NA,"10/11/15","1M","Dissection",NA,"10/12/15",1,NA,NA,NA,0.0368,0.0722,0.076,0.0741,0.0254,0.2292,NA,NA,NA,NA,NA,NA,NA,"A",0,0,0,0,NA,NA,"d",NA,NA,1034,NA,NA,13.7577777778,52.3991666667,NA,21.82,86.8,"91.2",NA,NA,NA,NA,NA,NA,NA,NA,NA,NA,NA,NA,NA,NA,NA,NA,NA,NA,NA,NA,NA,NA,NA,NA,NA,NA,NA,NA,NA,NA,NA,NA,0,0,0,NA,NA,0.690658304305068,"13.7581 52.3989",0
"SK_3188","HZ_BR","RUTE41","F",13.3067,53.2531,2015,"d",NA,"mm","mm","mm","dd","mm","mm","100","95","125","120","70/90","80","mm","mm","mm","mm","mm","mm","HI 13",0.88,"Germany","Rutenberg 41","SK",NA,"10/11/15","1F","Dissection",NA,"10/12/15",1,NA,NA,NA,0.022,NA,NA,NA,NA,NA,NA,0.006,"B-",NA,NA,NA,NA,"A",58,0,0,0,NA,NA,NA,NA,NA,4308,NA,NA,13.3061111111,53.2536111111,NA,17.39,86,"80.2",NA,NA,NA,NA,NA,NA,NA,NA,NA,NA,NA,NA,NA,NA,NA,NA,NA,NA,NA,NA,NA,NA,NA,NA,NA,NA,NA,NA,NA,NA,NA,NA,0,58,0,NA,NA,0.641147880581348,"13.3067 53.2531",0
"SK_3189","HZ_BR","TRIEP30","M",13.3306,53.2903,2015,"d","m","m","m","m","d","m","m","100","95","125","120","90","80","mm","mm","mm","mm","mm","mm","HI 14",0.9,"Germany","Triepkendorf 30","SK",NA,"10/11/15","1M","Dissection",NA,"10/12/15",1,NA,NA,NA,0.0176,0.0623,0.0665,0.0644,0.0176,0.0606,NA,NA,NA,NA,NA,NA,NA,"A",0,0,0,0,NA,NA,"m",NA,NA,4945,NA,NA,13.3305555556,53.2902777778,NA,18.02,80,"78.6",NA,NA,NA,NA,NA,NA,NA,NA,NA,NA,NA,NA,NA,NA,NA,NA,NA,NA,NA,NA,NA,NA,NA,NA,NA,NA,NA,NA,NA,NA,NA,NA,0,0,0,NA,NA,0.659850451227433,"13.3306 53.2903",0
"SK_3190","HZ_BR","RUTERE","M",13.3047,53.2522,2015,"d","m","m","m","m","d","m","m","100","95","125","120","90","80","mm","mm","mm","mm","mm","mm","HI 14",0.9,"Germany","Rutenberg Rehof","SK",NA,"10/11/15","1M","Dissection",NA,"10/12/15",1,NA,NA,NA,0.0165,0.0735,0.0761,0.0748,0.02,0.0731,NA,NA,NA,NA,NA,NA,NA,"A",0,0,0,0,NA,NA,"m",NA,NA,4309,NA,NA,13.3061111111,53.2536111111,NA,12.83,75.8,"73.6",NA,NA,NA,NA,NA,NA,NA,NA,NA,NA,NA,NA,NA,NA,NA,NA,NA,NA,NA,NA,NA,NA,NA,NA,NA,NA,NA,NA,NA,NA,NA,NA,0,0,0,NA,NA,0.589586004310944,"13.3047 53.2522",0
"SK_3191","HZ_BR","LYCHE6","M",13.3122,53.2242,2015,"d","m","m","m","m","d","m","m","94","95/100","125","120","100","100","dd","dm","mm","mm","dd","dd","HI 14",0.55,"Germany","Lychen 6","SK",NA,"10/12/15","1M","Dissection",NA,"10/12/15",0,NA,NA,NA,0.025,0.0666,0.0682,0.0674,0.0148,0.0287,NA,NA,NA,NA,NA,NA,NA,"A",8,0,0,0,NA,NA,"m",NA,NA,2670,NA,NA,13.3122222222,53.2241666667,NA,13.05,75.8,"79.7",NA,NA,NA,NA,NA,NA,NA,NA,NA,NA,NA,NA,NA,NA,NA,NA,NA,NA,NA,NA,NA,NA,NA,NA,NA,NA,NA,NA,NA,NA,NA,NA,0,8,0,NA,NA,0.593514278114253,"13.3122 53.2242",0
"SK_3207","HZ_BR","SCHEN8h","M",13.5953,52.2742,2015,"d",NA,"d","d","d","d","d","d","94","100","100","100","100","100","dd","dd","dd","dd","dd","dd","HI 13",0,"Germany","Schenkendorf 8 - horses","SK",NA,"10/12/15","1M","Dissection",NA,"10/13/15",1,NA,NA,NA,0.036,0.0902,0.096,0.0931,0.0315,0.1851,NA,NA,NA,NA,NA,NA,NA,"A",0,0,0,0,NA,NA,NA,NA,NA,4333,NA,NA,13.595,52.2747222222,NA,17.89,86,"90.9",NA,NA,NA,NA,NA,NA,NA,NA,NA,NA,NA,NA,NA,NA,NA,NA,NA,NA,NA,NA,NA,NA,NA,NA,NA,NA,NA,NA,NA,NA,NA,NA,0,0,0,NA,NA,0.647511679196305,"13.5953 52.2742",0
"SK_3209","HZ_BR","SCHEN8h","F",13.5953,52.2742,2015,"d",NA,"dd","dd","dd","dd","dd","dd","94","95","100","100/120","90/100","100","dd","mm","dd","dm","dm","dd","HI 13",0.16,"Germany","Schenkendorf 8 - horses","SK",NA,"10/12/15","1F","Dissection",NA,"10/13/15",1,NA,NA,NA,0.0274,NA,NA,NA,NA,NA,NA,0.0066,"B+",5,NA,NA,NA,"A",0,0,0,0,NA,NA,NA,NA,NA,4335,NA,NA,13.595,52.2747222222,NA,15.65,79.9,"87.8",NA,NA,NA,NA,NA,NA,NA,NA,NA,NA,NA,NA,NA,NA,NA,NA,NA,NA,NA,NA,NA,NA,NA,NA,NA,NA,NA,NA,NA,NA,NA,NA,0,0,0,NA,NA,0.627850182119137,"13.5953 52.2742",0
"SK_3210","HZ_BR","SCHEN8f","F",13.5992,52.2725,2015,"d",NA,"dd","dd","dd","dd","dd","dd","94","100","100","100","100","100","dd","dd","dd","dd","dd","dd","HI 13",0,"Germany","Schenkendorf 8 - food","SK",NA,"10/12/15","1F","Dissection",NA,"10/13/15",1,NA,NA,NA,0.0381,NA,NA,NA,NA,NA,NA,NA,"B-",NA,NA,NA,NA,"A",0,24,0,0,NA,NA,NA,NA,NA,4332,NA,NA,13.598,52.2738888889,NA,12.49,72,NA,NA,NA,NA,NA,NA,NA,NA,NA,NA,NA,NA,NA,NA,NA,NA,NA,NA,NA,NA,NA,NA,NA,NA,NA,NA,NA,NA,NA,NA,NA,NA,NA,0,24,0,NA,NA,0.590396410164094,"13.5992 52.2725",0
"SK_3211","HZ_BR","MARIEH","M",13.5994,52.2458,2015,"d","d","d","d","d","d","d","d","94","100","100","100","100","100","dd","dd","dd","dd","dd","dd","HI 14",0,"Germany","Marienhof 6","SK",NA,"10/12/15","1M","Dissection",NA,"10/13/15",1,NA,NA,NA,0.0297,0.1102,0.1137,0.112,0.038,0.2788,NA,NA,NA,NA,NA,NA,NA,"A",0,32,0,0,NA,NA,"d",NA,NA,2688,NA,NA,13.5994444444,52.2458333333,NA,22.95,91.2,"91.3",NA,NA,NA,NA,NA,NA,NA,NA,NA,NA,NA,NA,NA,NA,NA,NA,NA,NA,NA,NA,NA,NA,NA,NA,NA,NA,NA,NA,NA,NA,NA,NA,0,32,0,NA,NA,0.694278710975497,"13.5994 52.2458",0
"SK_3212","HZ_BR","BUCHH29","M",13.7881,52.5844,2015,"d","d","d","d","d","d","d","d","94","100","100","100","100","100","dd","dd","dd","dd","dd","dd","HI 14",0,"Germany","Buchholz 30","SK",NA,"10/12/15","1M","Dissection",NA,"10/13/15",1,NA,NA,NA,0.0229,0.0715,0.0774,0.0745,0.0337,0.2931,NA,NA,NA,NA,NA,NA,NA,"A",0,0,0,0,NA,NA,"d",NA,NA,275,NA,NA,13.788,52.5844444444,NA,22.33,87.8,"95.3",NA,NA,NA,NA,NA,NA,NA,NA,NA,NA,NA,NA,NA,NA,NA,NA,NA,NA,NA,NA,NA,NA,NA,NA,NA,NA,NA,NA,NA,NA,NA,NA,0,0,0,NA,NA,0.694053269526492,"13.7881 52.5844",0
